{
  "label": "Classes (DRS)",
  "mapping": {
    "sources": {
      "path": "system.source",
      "converter": "source"
    },
    "advancement": {
      "path": "system.advancement",
      "converter": "advancement"
    }
  },
  "entries": {
    "Barbarian": {
      "name": "Barbare",
      "description": "<p>Vous recevez les aptitudes de classe suivantes en tant que barbare.</p><h3>Points de vie</h3><p><strong>Dés de vie :</strong> 1d12 par niveau de barbare<br /><strong>Points de vie au niveau 1 :</strong> 12 + votre modificateur de Constitution<br /><strong>Points de vie à plus haut niveau :</strong> 1d12 (ou 7) + votre modificateur de Constitution par niveau de barbare au-delà du premier</p><h3>Maîtrises</h3><p><strong>Armures :</strong> armures légères, armures intermédiaires, boucliers<br /><strong>Armes:</strong> armes courantes, armes de guerre<br /><strong>Outils :</strong> aucun<br /><strong>Jets de sauvegarde :</strong> Force, Constitution<br /><strong>Compétences :</strong> deux au choix parmi : Athlétisme, Dressage, Intimidation, Nature, Perception et Survie</p><h1>Progression du Barbare</h1><table border=\"0\"><thead><tr><td>Niveau</td><td>Bonus de maîtrise</td><td>Aptitudes</td><td>Rages</td><td>Dégâts de rage</td></tr></thead><tbody><tr><td>1</td><td>+2</td><td>@UUID[Compendium.dnd5e.classfeatures.Item.VoR0SUrNX5EJVPIO]{Rage}, @UUID[Compendium.dnd5e.classfeatures.Item.SZbsNbaxFFGwBpNK]{Défense sans armure}</td><td>2</td><td>+2</td></tr><tr><td>2</td><td>+2</td><td>@UUID[Compendium.dnd5e.classfeatures.Item.SCVjqRdlZ9cvHVSR]{Témérité}, @UUID[Compendium.dnd5e.classfeatures.Item.vt31lWAULygEl7yk]{Sense du danger}</td><td>2</td><td>+2</td></tr><tr><td>3</td><td>+2</td><td>@UUID[Compendium.dnd5e.classfeatures.Item.TH1QAf6YNGSeBVjT]{Voie primitive}</td><td>3</td><td>+2</td></tr><tr><td>4</td><td>+2</td><td>@UUID[Compendium.dnd5e.classfeatures.Item.s0Cc2zcX0JzIgam5]{Amélioration de caractéristique}</td><td>3</td><td>+2</td></tr><tr><td>5</td><td>+3</td><td>@UUID[Compendium.dnd5e.classfeatures.Item.XogoBnFWmCAHXppo]{Attaque supplémentaire}, @UUID[Compendium.dnd5e.classfeatures.Item.Kl6zifJ5OmdHlOi2]{Déplacement rapide}</td><td>3</td><td>+2</td></tr><tr><td>6</td><td>+3</td><td>Aptitude de voie</td><td>4</td><td>+2</td></tr><tr><td>7</td><td>+3</td><td>@UUID[Compendium.dnd5e.classfeatures.Item.NlXslw4yAqmKZWtN]{Instinct sauvage}</td><td>4</td><td>+2</td></tr><tr><td>8</td><td>+3</td><td>@UUID[Compendium.dnd5e.classfeatures.Item.s0Cc2zcX0JzIgam5]{Amélioration de caractéristique}</td><td>4</td><td>+2</td></tr><tr><td>9</td><td>+4</td><td>@UUID[Compendium.dnd5e.classfeatures.Item.L94gyvNpUhUe0rwh]{Critique brutal (1 dé)}</td><td>4</td><td>+3</td></tr><tr><td>10</td><td>+4</td><td>Aptitude de voie</td><td>4</td><td>+3</td></tr><tr><td>11</td><td>+4</td><td>@UUID[Compendium.dnd5e.classfeatures.Item.FqfmbPgxiyrWzhYk]{Rage implacable}</td><td>4</td><td>+3</td></tr><tr><td>12</td><td>+4</td><td>@UUID[Compendium.dnd5e.classfeatures.Item.s0Cc2zcX0JzIgam5]{Amélioration de caractéristique}</td><td>5</td><td>+3</td></tr><tr><td>13</td><td>+5</td><td>@UUID[Compendium.dnd5e.classfeatures.Item.L94gyvNpUhUe0rwh]{Critique brutal (2 dés)}</td><td>5</td><td>+3</td></tr><tr><td>14</td><td>+5</td><td>Aptitude de voie</td><td>5</td><td>+3</td></tr><tr><td>15</td><td>+5</td><td>@UUID[Compendium.dnd5e.classfeatures.Item.l8tUhZ5Pecm9wz7I]{Rage persistante}</td><td>5</td><td>+3</td></tr><tr><td>16</td><td>+5</td><td>@UUID[Compendium.dnd5e.classfeatures.Item.s0Cc2zcX0JzIgam5]{Amélioration de caractéristique}</td><td>5</td><td>+4</td></tr><tr><td>17</td><td>+6</td><td>@UUID[Compendium.dnd5e.classfeatures.Item.L94gyvNpUhUe0rwh]{Critique brutal (3 dés)}</td><td>6</td><td>+4</td></tr><tr><td>18</td><td>+6</td><td>@UUID[Compendium.dnd5e.classfeatures.Item.Q1exex5ALteprrPo]{Puissance indomptable}</td><td>6</td><td>+4</td></tr><tr><td>19</td><td>+6</td><td>@UUID[Compendium.dnd5e.classfeatures.Item.s0Cc2zcX0JzIgam5]{Amélioration de caractéristique}</td><td>6</td><td>+4</td></tr><tr><td>20</td><td>+6</td><td>@UUID[Compendium.dnd5e.classfeatures.Item.jVU4AgqfrFaqgXns]{Champion primitif}</td><td>Illimité</td><td>+4</td></tr></tbody></table><h1>Voie primitive</h1><p>@UUID[Compendium.dnd5e.subclasses.Item.uGuDQX9Mz3oHNHkU]{Voie du berserker}</p>"
    },
    "Bard": {
      "name": "Barde",
      "description": "<p>Vous recevez les aptitudes de classe suivantes en tant que barde.</p><h3>Points de vie</h3><p><strong>Dés de vie :</strong> 1d8 par niveau de barde<br /><strong>Points de vie au niveau 1 :</strong> 8 + votre modificateur de Constitution<br /><strong>Points de vie à plus haut niveau :</strong> 1d8 (ou 5) + votre modificateur de Constitution par niveau de barde au-delà du premier</p><h3>Maîtrises</h3><p><strong>Armures :</strong> armures légères<br /><strong>Armes:</strong> armes courantes, arbalète de poing, épée courte, épée longue, rapière<br /><strong>Outils :</strong> trois instruments de musique de votre choix<br /><strong>Jets de sauvegarde :</strong> Dextérité, Charisme<br /><strong>Compétences :</strong> trois au choix</p><h1>Progression du Barde</h1><table border=\"0\"><thead><tr><td>Niveau</td><td>Bonus de maîtrise</td><td>Aptitudes</td></tr></thead><tbody><tr><td>1</td><td>+2</td><td>@UUID[Compendium.dnd5e.classfeatures.Item.hpLNiGq7y67d2EHA]{Inspiration bardique (d6)}, @UUID[Compendium.dnd5e.classfeatures.Item.u4NLajXETJhJU31v]{Sorts}</td></tr><tr><td>2</td><td>+2</td><td>@UUID[Compendium.dnd5e.classfeatures.Item.he8RpPXwSl2lVSIk]{Chant reposant (d6)}, @UUID[Compendium.dnd5e.classfeatures.Item.ezWijmCnlnQ9ZRX2]{Touche-à-tout}</td></tr><tr><td>3</td><td>+2</td><td>@UUID[Compendium.dnd5e.classfeatures.Item.ILhzFHiRrqgQ9dFJ]{Collège bardique}, @UUID[Compendium.dnd5e.classfeatures.Item.aQLg7BWdRnm4Hr9S]{Expertise}</td></tr><tr><td>4</td><td>+2</td><td>@UUID[Compendium.dnd5e.classfeatures.Item.s0Cc2zcX0JzIgam5]{Amélioration de caractéristique}</td></tr><tr><td>5</td><td>+3</td><td>@UUID[Compendium.dnd5e.classfeatures.Item.hpLNiGq7y67d2EHA]{Inspiration bardique (d8)}, @UUID[Compendium.dnd5e.classfeatures.Item.3VDZGs5Ug3hIE322]{Source d'inspiration}</td></tr><tr><td>6</td><td>+3</td><td>Aptitude de Collège bardique, @UUID[Compendium.dnd5e.classfeatures.Item.SEJmsjkEhdAZ90ki]{Contre-charme}</td></tr><tr><td>7</td><td>+3</td><td>Emplacement de sort niveau 4</td></tr><tr><td>8</td><td>+3</td><td>@UUID[Compendium.dnd5e.classfeatures.Item.s0Cc2zcX0JzIgam5]{Amélioration de caractéristique}</td></tr><tr><td>9</td><td>+4</td><td>@UUID[Compendium.dnd5e.classfeatures.Item.he8RpPXwSl2lVSIk]{Chant reposant (d8)}, Emplacement de sort niveau 5</td></tr><tr><td>10</td><td>+4</td><td>@UUID[Compendium.dnd5e.classfeatures.Item.hpLNiGq7y67d2EHA]{Inspiration bardique (d10)}, @UUID[Compendium.dnd5e.classfeatures.Item.aQLg7BWdRnm4Hr9S]{Expertise}, @UUID[Compendium.dnd5e.classfeatures.Item.aonJ2YjkqkYB9WYB]{Secrets magiques}</td></tr><tr><td>11</td><td>+4</td><td>Emplacement de sort niveau 6</td></tr><tr><td>12</td><td>+4</td><td>@UUID[Compendium.dnd5e.classfeatures.Item.s0Cc2zcX0JzIgam5]{Amélioration de caractéristique}</td></tr><tr><td>13</td><td>+5</td><td>@UUID[Compendium.dnd5e.classfeatures.Item.he8RpPXwSl2lVSIk]{Chant reposant (d10)}, Emplacement de sort niveau 7</td></tr><tr><td>14</td><td>+5</td><td>@UUID[Compendium.dnd5e.classfeatures.Item.aonJ2YjkqkYB9WYB]{Secrets magiques}, Aptitude de Collège bardique</td></tr><tr><td>15</td><td>+5</td><td>Emplacement de sort niveau 8, @UUID[Compendium.dnd5e.classfeatures.Item.hpLNiGq7y67d2EHA]{Inspiration bardique (d12)}</td></tr><tr><td>16</td><td>+5</td><td>@UUID[Compendium.dnd5e.classfeatures.Item.s0Cc2zcX0JzIgam5]{Amélioration de caractéristique}</td></tr><tr><td>17</td><td>+6</td><td>@UUID[Compendium.dnd5e.classfeatures.Item.he8RpPXwSl2lVSIk]{Chant reposant (d12)}, Emplacement de sort niveau 9</td></tr><tr><td>18</td><td>+6</td><td>@UUID[Compendium.dnd5e.classfeatures.Item.aonJ2YjkqkYB9WYB]{Secrets magiques}</td></tr><tr><td>19</td><td>+6</td><td>@UUID[Compendium.dnd5e.classfeatures.Item.s0Cc2zcX0JzIgam5]{Amélioration de caractéristique}</td></tr><tr><td>20</td><td>+6</td><td>@UUID[Compendium.dnd5e.classfeatures.Item.GBYN5rH4nh1ocRlY]{Inspiration supérieure}</td></tr></tbody></table><h1>Collège bardique</h1><p>@UUID[Compendium.dnd5e.subclasses.Item.MNvsEc4D2ccX7dQT]{Collège du Savoir}</p>"
    },
    "Cleric": {
      "name": "Clerc",
      "description": "<p>Vous recevez les aptitudes de classe suivantes en tant que clerc.</p><h3>Points de vie</h3><p><strong>Dés de vie :</strong> 1d8 par niveau de clerc<br /><strong>Points de vie au niveau 1 :</strong> 8 + votre modificateur de Constitution<br /><strong>Points de vie à plus haut niveau :</strong> 1d8 (ou 5) + votre modificateur de Constitution par niveau de clerc au-delà du premier Maîtrises</p><h3>Maîtrises</h3><p><strong>Armures :</strong> armures légères, armures intermédiaires, bouclier<br /><strong>Armes :</strong> armes courantes<br /><strong>Outils:</strong> aucun<br /><strong>Jets de sauvegarde :</strong> Sagesse, Charisme<br /><strong>Compétences :</strong> deux au choix parmi : Histoire, Intuition, Médecine, Persuasion et Religion</p><h1>Progression du Clerc</h1><table><thead><tr><td>Niveau</td><td>Bonus de maîtrise</td><td>Aptitudes</td></tr></thead><tbody><tr><td>1</td><td>+2</td><td>@UUID[Compendium.dnd5e.classfeatures.Item.x637K2Icp2ZFM1TB]{Domaine divin}, @UUID[Compendium.dnd5e.classfeatures.Item.v4gKwLhAq9vuqza7]{Sorts}</td></tr><tr><td>2</td><td>+2</td><td>Aptitude de Domaine divin, @UUID[Compendium.dnd5e.classfeatures.Item.YpiLQEKGalROn7iJ]{Conduit divin (1/repos)}</td></tr><tr><td>3</td><td>+2</td><td>Emplacement de sort niveau 2</td></tr><tr><td>4</td><td>+2</td><td>@UUID[Compendium.dnd5e.classfeatures.Item.s0Cc2zcX0JzIgam5]{Amélioration de caractéristique}</td></tr><tr><td>5</td><td>+3</td><td>Emplacement de sort niveau 3, @UUID[Compendium.dnd5e.classfeatures.Item.NMy4piwXIpLjYbRE]{Destruction des morts-vivants (FP 1/2)}</td></tr><tr><td>6</td><td>+3</td><td>Aptitude de Domaine divin, @UUID[Compendium.dnd5e.classfeatures.Item.YpiLQEKGalROn7iJ]{Conduit divin (2/repos)}</td></tr><tr><td>7</td><td>+3</td><td>Emplacement de sort niveau 4</td></tr><tr><td>8</td><td>+3</td><td>@UUID[Compendium.dnd5e.classfeatures.Item.s0Cc2zcX0JzIgam5]{Amélioration de caractéristique}, Aptitude de Domaine divin, @UUID[Compendium.dnd5e.classfeatures.Item.NMy4piwXIpLjYbRE]{Destruction des morts-vivants (FP 1)}</td></tr><tr><td>9</td><td>+4</td><td>Emplacement de sort niveau 5</td></tr><tr><td>10</td><td>+4</td><td>@UUID[Compendium.dnd5e.classfeatures.Item.eVXqHn0ojWrEuYGU]{Intervention divine}</td></tr><tr><td>11</td><td>+4</td><td>@UUID[Compendium.dnd5e.classfeatures.Item.NMy4piwXIpLjYbRE]{Destruction des morts-vivants (FP 2)}, Emplacement de sort niveau 6</td></tr><tr><td>12</td><td>+4</td><td>@UUID[Compendium.dnd5e.classfeatures.Item.s0Cc2zcX0JzIgam5]{Amélioration de caractéristique}</td></tr><tr><td>13</td><td>+5</td><td>Emplacement de sort niveau 7</td></tr><tr><td>14</td><td>+5</td><td>@UUID[Compendium.dnd5e.classfeatures.Item.NMy4piwXIpLjYbRE]{Destruction des morts-vivants (FP 3)}</td></tr><tr><td>15</td><td>+5</td><td>Emplacement de sort niveau 8</td></tr><tr><td>16</td><td>+5</td><td>@UUID[Compendium.dnd5e.classfeatures.Item.s0Cc2zcX0JzIgam5]{Amélioration de caractéristique}</td></tr><tr><td>17</td><td>+6</td><td>Aptitude de Domaine divin, @UUID[Compendium.dnd5e.classfeatures.Item.NMy4piwXIpLjYbRE]{Destruction des morts-vivants (FP 4)}, Emplacement de sort niveau 9</td></tr><tr><td>18</td><td>+6</td><td>@UUID[Compendium.dnd5e.classfeatures.Item.YpiLQEKGalROn7iJ]{Conduit divin (3/repos)}</td></tr><tr><td>19</td><td>+6</td><td>@UUID[Compendium.dnd5e.classfeatures.Item.s0Cc2zcX0JzIgam5]{Amélioration de caractéristique}</td></tr><tr><td>20</td><td>+6</td><td>@UUID[Compendium.dnd5e.classfeatures.Item.eVXqHn0ojWrEuYGU]{Intervention divine (Réussite automatique)}</td></tr></tbody></table><h1>Domaine divin</h1><p>@UUID[Compendium.dnd5e.subclasses.Item.H3RYLGqCiqm8BP3q]{Domaine de la vie}</p>"
    },
    "Druid": {
      "name": "Druide",
      "description": "<p>Vous recevez les aptitudes de classe suivantes en tant que druide.</p><h3>Points de vie</h3><p><strong>Dés de vie :</strong> 1d8 par niveau de druide<br /><strong>Points de vie au niveau 1 :</strong> 8 + votre modificateur de Constitution<br /><strong>Points de vie à plus haut niveau :</strong> 1d8 (ou 5) + votre modificateur de Constitution par niveau de druide au-delà du premier</p><h3>Maîtrises</h3><p><strong>Armures :</strong> armures légères, armures intermédiaires, boucliers (les druides ne portent ni armure ni bouclier faits de métal)<br /><strong>Armes :</strong> bâton de combat, cimeterre, dague, faucille, fléchettes, fronde, gourdin, javeline, lance, masse d’armes<br /><strong>Outils :</strong> matériel d’herboriste<br /><strong>Jets de sauvegarde :</strong> Intelligence, Sagesse<br /><strong>Compétences :</strong> deux au choix parmi : Arcanes, Dressage, Intuition, Médecine, Nature, Perception, Religion et Survie</p><h1>Progression du Druide</h1><table><thead><tr><td>Niveau</td><td>Bonus de maîtrise</td><td>Aptitudes</td></tr></thead><tbody><tr><td>1</td><td>+2</td><td>@UUID[Compendium.dnd5e.classfeatures.Item.LzJ5ayHt0OlSVGxi]{Druidique}, @UUID[Compendium.dnd5e.classfeatures.Item.i6tPm3FNK13Ftc9v]{Sorts}</td></tr><tr><td>2</td><td>+2</td><td>@UUID[Compendium.dnd5e.classfeatures.Item.u6Du2P9s81SWuGbi]{Cercle druidique}, @UUID[Compendium.dnd5e.classfeatures.Item.swK0r5TOIxredxWS]{Forme sauvage (FP max ¼)}</td></tr><tr><td>3</td><td>+2</td><td>Emplacement de sort niveau 2</td></tr><tr><td>4</td><td>+2</td><td>@UUID[Compendium.dnd5e.classfeatures.Item.s0Cc2zcX0JzIgam5]{Amélioration de caractéristique}, @UUID[Compendium.dnd5e.classfeatures.Item.swK0r5TOIxredxWS]{Forme sauvage (FP max ½)}</td></tr><tr><td>5</td><td>+3</td><td>Emplacement de sort niveau 3</td></tr><tr><td>6</td><td>+3</td><td>Aptitude de Cercle druidique</td></tr><tr><td>7</td><td>+3</td><td>Emplacement de sort niveau 4</td></tr><tr><td>8</td><td>+3</td><td>@UUID[Compendium.dnd5e.classfeatures.Item.s0Cc2zcX0JzIgam5]{Amélioration de caractéristique}, @UUID[Compendium.dnd5e.classfeatures.Item.swK0r5TOIxredxWS]{Forme sauvage (FP max 1)}</td></tr><tr><td>9</td><td>+4</td><td>Emplacement de sort niveau 5</td></tr><tr><td>10</td><td>+4</td><td>Aptitude de Cercle druidique</td></tr><tr><td>11</td><td>+4</td><td>Emplacement de sort niveau 6</td></tr><tr><td>12</td><td>+4</td><td>@UUID[Compendium.dnd5e.classfeatures.Item.s0Cc2zcX0JzIgam5]{Amélioration de caractéristique}</td></tr><tr><td>13</td><td>+5</td><td>Emplacement de sort niveau 7</td></tr><tr><td>14</td><td>+5</td><td>Aptitude de Cercle druidique</td></tr><tr><td>15</td><td>+5</td><td>Emplacement de sort niveau 8</td></tr><tr><td>16</td><td>+5</td><td>@UUID[Compendium.dnd5e.classfeatures.Item.s0Cc2zcX0JzIgam5]{Amélioration de caractéristique}</td></tr><tr><td>17</td><td>+6</td><td>Emplacement de sort niveau 9</td></tr><tr><td>18</td><td>+6</td><td>@UUID[Compendium.dnd5e.classfeatures.Item.xvgPu1O57DgXCM86]{Incantation animale}, @UUID[Compendium.dnd5e.classfeatures.Item.cVDEQo0ow1WJT7Wl]{Jeunesse éternelle}</td></tr><tr><td>19</td><td>+6</td><td>@UUID[Compendium.dnd5e.classfeatures.Item.s0Cc2zcX0JzIgam5]{Amélioration de caractéristique}</td></tr><tr><td>20</td><td>+6</td><td>@UUID[Compendium.dnd5e.classfeatures.Item.ip4bvmGoz3qkoqes]{Archidruide}</td></tr></tbody></table><div class=\"sidebar-block\"><h4>Plantes et arbres sacrés</h4><p>Un druide tient certains végétaux pour sacrés, en particulier l’aulne, le bouleau, le chêne, le frêne, le genévrier, le gui, le houx, l’if, le noisetier, le saule, le sorbier et le sureau. Il est fréquent qu’un druide emploie une ou plusieurs de ces essences pour son focaliseur d’incantation, y incorporant des branches de chêne, d’if ou des brins de gui.</p><p>De même, un druide utilisera ces essences pour fabriquer d’autres objets, comme ses armes ou son bouclier. L’if étant associé à la mort et à la réincarnation, il servira plutôt à confectionner la poignée d’un cimeterre ou d’une faucille. Le frêne est associé à la vie et le chêne, à la force. Ces essences font d’excellents manches ou des armes entières : gourdin, bâton de combat ou bouclier. L’aulne, associé à l’air, est plutôt employé pour les armes de jet, de type fléchette ou javeline.</p><p>Les druides issus d’une région où ce type de végétation fait défaut jettent leur dévolu sur d’autres plantes pour un usage comparable. Un druide originaire du désert, par exemple, choisira le yucca et les diverses variétés de cactus.</p></div><div class=\"sidebar-block\"><h4>Les druides et les dieux</h4><p>Si certains druides vénèrent les forces de la nature elles-mêmes, beaucoup prient l’une des nombreuses divinités de la nature que l’on retrouve dans le multivers (voir à ce sujet la liste des dieux dans @UUID[Compendium.dnd5e.rules.JournalEntry.udVPA9JW5wy5t3G5]{l’annexe MdJ-B} , qui comprend maintes divinités de ce type). Le culte de ces dieux est souvent vu comme une tradition archaïque et non comme une foi véritable par les clercs et les gens des villes. </p></div><h1>Cercle druidique</h1><p>@UUID[Compendium.dnd5e.subclasses.Item.4Ae2SPZRXEVbVs0M]{Cercle de la Terre}</p>"
    },
    "Fighter": {
      "name": "Guerrier",
      "description": "<p>Vous recevez les aptitudes de classe suivantes en tant que guerrier.</p><h3>Points de vie</h3><p><strong>Dés de vie :</strong> 1d10 par niveau de guerrier<br /><strong>Points de vie au niveau 1 :</strong> 10 + votre modificateur de Constitution<br /><strong>Points de vie à plus haut niveau :</strong> 1d10 (ou 6) + votre modificateur de Constitution par niveau de guerrier au-delà du premier</p><h3>Maîtrises</h3><p><strong>Armures :</strong> toutes les armures, bouclier<br /><strong>Armes :</strong> armes courantes, armes de guerre<br /><strong>Outils :</strong> aucun<br /><strong>Jets de sauvegarde :</strong> Force, Constitution<br /><strong>Compétences :</strong> deux au choix parmi : Acrobaties, Athlétisme, Dressage, Histoire, Intimidation, Intuition, Perception et Survie</p><h1>Progression du Guerrier</h1><table><thead><tr><td>Niveau</td><td>Bonus de maîtrise</td><td>Aptitudes</td></tr></thead><tbody><tr><td>1</td><td>+2</td><td>@UUID[Compendium.dnd5e.classfeatures.Item.fbExzwNwEAl2kW9c]{Style de combat}, @UUID[Compendium.dnd5e.classfeatures.Item.nTjmWbyHweXuIqwc]{Second souffle}</td></tr><tr><td>2</td><td>+2</td><td>@UUID[Compendium.dnd5e.classfeatures.Item.xF1VTcJ3AdkbTsdQ]{Fougue}</td></tr><tr><td>3</td><td>+2</td><td>@UUID[Compendium.dnd5e.classfeatures.Item.ax8M0X0q1GGWM26j]{Archétype martial}</td></tr><tr><td>4</td><td>+2</td><td>@UUID[Compendium.dnd5e.classfeatures.Item.sPy2OLoN7JaAcMl4]{Amélioration de caractéristique}</td></tr><tr><td>5</td><td>+3</td><td>@UUID[Compendium.dnd5e.classfeatures.Item.q9g1MLXuLZyxjQMg]{Attaque supplémentaire}</td></tr><tr><td>6</td><td>+3</td><td>@UUID[Compendium.dnd5e.classfeatures.Item.sPy2OLoN7JaAcMl4]{Amélioration de caractéristique}</td></tr><tr><td>7</td><td>+3</td><td>Aptitude d'Archétype martial</td></tr><tr><td>8</td><td>+3</td><td>@UUID[Compendium.dnd5e.classfeatures.Item.sPy2OLoN7JaAcMl4]{Amélioration de caractéristique}</td></tr><tr><td>9</td><td>+4</td><td>@UUID[Compendium.dnd5e.classfeatures.Item.653ZHbNcmm7ZGXbw]{Inflexible}</td></tr><tr><td>10</td><td>+4</td><td>Aptitude d'Archétype martial</td></tr><tr><td>11</td><td>+4</td><td>@UUID[Compendium.dnd5e.classfeatures.Item.q9g1MLXuLZyxjQMg]{Attaque supplémentaire (2)}</td></tr><tr><td>12</td><td>+4</td><td>@UUID[Compendium.dnd5e.classfeatures.Item.sPy2OLoN7JaAcMl4]{Amélioration de caractéristique}</td></tr><tr><td>13</td><td>+5</td><td>@UUID[Compendium.dnd5e.classfeatures.Item.653ZHbNcmm7ZGXbw]{Inflexible (2 utilisations)}</td></tr><tr><td>14</td><td>+5</td><td>@UUID[Compendium.dnd5e.classfeatures.Item.sPy2OLoN7JaAcMl4]{Amélioration de caractéristique}</td></tr><tr><td>15</td><td>+5</td><td>Aptitude d'Archétype martial</td></tr><tr><td>16</td><td>+5</td><td>@UUID[Compendium.dnd5e.classfeatures.Item.sPy2OLoN7JaAcMl4]{Amélioration de caractéristique}</td></tr><tr><td>17</td><td>+6</td><td>@UUID[Compendium.dnd5e.classfeatures.Item.xF1VTcJ3AdkbTsdQ]{Fougue (2 utilisations)}, @UUID[Compendium.dnd5e.classfeatures.Item.653ZHbNcmm7ZGXbw]{Inflexible (3 utilisations)}</td></tr><tr><td>18</td><td>+6</td><td>Aptitude d'Archétype martial</td></tr><tr><td>19</td><td>+6</td><td>@UUID[Compendium.dnd5e.classfeatures.Item.sPy2OLoN7JaAcMl4]{Amélioration de caractéristique}</td></tr><tr><td>20</td><td>+6</td><td>@UUID[Compendium.dnd5e.classfeatures.Item.q9g1MLXuLZyxjQMg]{Attaque supplémentaire (3)}</td></tr></tbody></table><h1>Archétype martials</h1><p>Chaque guerrier choisit son approche pour perfectionner son art du combat. L’archétype martial que vous choisissez reflète cette conception.</p><p>@UUID[Compendium.dnd5e.subclasses.Item.sprHbe7cRg9osTzf]{Champion}</p>"
    },
    "Monk": {
      "name": "Moine",
      "description": "<p>Vous recevez les aptitudes de classe suivantes en tant que moine.</p><h3>Points de vie</h3><p><strong>Dés de vie :</strong> 1d8 par niveau de moine<br /><strong>Points de vie au niveau 1 :</strong> 8 + votre modificateur de Constitution<br /><strong>Points de vie à plus haut niveau :</strong> 1d8 (ou 5) + votre modificateur de Constitution par niveau de moine au-delà du premier</p><h3>Maîtrises</h3><p><strong>Armures :</strong> aucune<br /><strong>Armes :</strong> armes courantes, épée courte<br /><strong>Outils :</strong> un type d’outil d’artisan ou un instrument de musique au choix<br /><strong>Jets de sauvegarde :</strong> Force, Dextérité<br /><strong>Compétences :</strong> deux au choix parmi Acrobaties, Athlétisme, Discrétion, Histoire, Intuition et Religion</p><h1>Progression du Moine</h1><table><thead><tr><td>Niveau</td><td>Bonus de maîtrise</td><td>Arts martiaux</td><td>Points de Ki</td><td>Déplacement sans armure</td><td>Aptitudes</td></tr></thead><tbody><tr><td>1</td><td>+2</td><td>1d4</td><td>—</td><td>—</td><td>@UUID[Compendium.dnd5e.classfeatures.Item.l50hjTxO2r0iecKw]{Arts martiaux}, @UUID[Compendium.dnd5e.classfeatures.Item.UAvV7N7T4zJhxdfI]{Défense sans armure}</td></tr><tr><td>2</td><td>+2</td><td>1d4</td><td>2</td><td>+3 m</td><td>@UUID[Compendium.dnd5e.classfeatures.Item.zCeqyQ8uIPNdYJSW]{Déplacement sans armure}, @UUID[Compendium.dnd5e.classfeatures.Item.10b6z2W1txNkrGP7]{Ki}</td></tr><tr><td>3</td><td>+2</td><td>1d4</td><td>3</td><td>+3 m</td><td>@UUID[Compendium.dnd5e.classfeatures.Item.rtpQdX77dYWbDIOH]{Tradition monastique}, @UUID[Compendium.dnd5e.classfeatures.Item.mzweVbnsJPQiVkAe]{Parade de projectiles}</td></tr><tr><td>4</td><td>+2</td><td>1d4</td><td>4</td><td>+3 m</td><td>@UUID[Compendium.dnd5e.classfeatures.Item.s0Cc2zcX0JzIgam5]{Amélioration de caractéristique}, @UUID[Compendium.dnd5e.classfeatures.Item.KQz9bqxVkXjDl8gK]{Chute ralentie}</td></tr><tr><td>5</td><td>+3</td><td>1d6</td><td>5</td><td>+3 m</td><td>@UUID[Compendium.dnd5e.classfeatures.Item.XogoBnFWmCAHXppo]{Attaque supplémentaire}, @UUID[Compendium.dnd5e.classfeatures.Item.pvRc6GAu1ok6zihC]{Frappe étourdissante}</td></tr><tr><td>6</td><td>+3</td><td>1d6</td><td>6</td><td>+4,50 m</td><td><p>Aptitude de tradition monastique, @UUID[Compendium.dnd5e.classfeatures.Item.7flZKruSSu6dHg6D]{Frappe de Ki}</p></td></tr><tr><td>7</td><td>+3</td><td>1d6</td><td>7</td><td>+4,50 m</td><td>@UUID[Compendium.dnd5e.classfeatures.Item.a4P4DNMmH8CqSNkC]{Esquive totale}, @UUID[Compendium.dnd5e.classfeatures.Item.ZmC31XKS4YNENnoc]{Sérénité}</td></tr><tr><td>8</td><td>+3</td><td>1d6</td><td>8</td><td>+4,50 m</td><td>@UUID[Compendium.dnd5e.classfeatures.Item.s0Cc2zcX0JzIgam5]{Amélioration de caractéristique}</td></tr><tr><td>9</td><td>+4</td><td>1d6</td><td>9</td><td>+4,50 m</td><td>Déplacement sans armure improvement</td></tr><tr><td>10</td><td>+4</td><td>1d6</td><td>10</td><td>+6 m</td><td>@UUID[Compendium.dnd5e.classfeatures.Item.bqWA7t9pDELbNRkp]{Pureté physique}</td></tr><tr><td>11</td><td>+4</td><td>1d8</td><td>11</td><td>+6 m</td><td>Aptitude de tradition monastique</td></tr><tr><td>12</td><td>+4</td><td>1d8</td><td>12</td><td>+6 m</td><td>@UUID[Compendium.dnd5e.classfeatures.Item.s0Cc2zcX0JzIgam5]{Amélioration de caractéristique}</td></tr><tr><td>13</td><td>+5</td><td>1d8</td><td>13</td><td>+6 m</td><td>@UUID[Compendium.dnd5e.classfeatures.Item.XjuGBeB8Y0C3A5D4]{Langage du soleil et de la lune}</td></tr><tr><td>14</td><td>+5</td><td>1d8</td><td>14</td><td>+7,50 m</td><td>@UUID[Compendium.dnd5e.classfeatures.Item.7D2EkLdISwShEDlN]{Âme de diamant}</td></tr><tr><td>15</td><td>+5</td><td>1d8</td><td>15</td><td>+7,50 m</td><td>@UUID[Compendium.dnd5e.classfeatures.Item.gDH8PMrKvLHaNmEI]{Jeunesse éternelle}</td></tr><tr><td>16</td><td>+5</td><td>1d8</td><td>16</td><td>+7,50 m</td><td>@UUID[Compendium.dnd5e.classfeatures.Item.s0Cc2zcX0JzIgam5]{Amélioration de caractéristique}</td></tr><tr><td>17</td><td>+6</td><td>1d10</td><td>17</td><td>+7,50 m</td><td>Aptitude de tradition monastique</td></tr><tr><td>18</td><td>+6</td><td>1d10</td><td>18</td><td>+9 m</td><td>@UUID[Compendium.dnd5e.classfeatures.Item.3jwFt3hSqDswBlOH]{Désertion de l’âme}</td></tr><tr><td>19</td><td>+6</td><td>1d10</td><td>19</td><td>+9 m</td><td>@UUID[Compendium.dnd5e.classfeatures.Item.s0Cc2zcX0JzIgam5]{Amélioration de caractéristique}</td></tr><tr><td>20</td><td>+6</td><td>1d10</td><td>20</td><td>+9 m</td><td>@UUID[Compendium.dnd5e.classfeatures.Item.mQNPg89YIs7g5tG4]{Perfection de l’être}</td></tr></tbody></table><h1>Tradition monastique</h1><p>Trois traditions monastiques distinctes se retrouvent communément çà et là dans les nombreux monastères du multivers. Si la plupart des monastères perpétuent une seule tradition, quelques-uns honorent les trois et enseignent à chaque jeune moine telle ou telle voie selon ses aptitudes et ses centres d’intérêt. Les trois traditions reposent sur les mêmes techniques de base, ne divergeant qu’une fois certaines étapes franchies dans l’enseignement. Ainsi un moine ne choisit-il sa voie qu’en atteignant le niveau 3.</p><p>@UUID[Compendium.dnd5e.subclasses.Item.IvlpKMXX3PmW1NY2]{Voie de la Paume}</p>"
    },
    "Paladin": {
      "name": "Paladin",
      "description": "<p>Vous recevez les aptitudes de classe suivantes en tant que paladin.</p><h3>Points de vie</h3><p><strong>Dés de vie :</strong> 1d10 par niveau de paladin<br /><strong>Points de vie au niveau 1 :</strong> 10 + votre modificateur de Constitution<br /><strong>Points de vie à plus haut niveau :</strong> 1d10 (ou 6) + votre modificateur de Constitution par niveau de paladin au-delà du premier Maîtrises</p><h3>Maîtrises</h3><p><strong>Armures :</strong> toutes les armures, boucliers<br /><strong>Armes :</strong> armes courantes, armes de guerre<br /><strong>Outils :</strong> aucun<br /><strong>Jets de sauvegarde :</strong> Sagesse, Charisme<br /><strong>Compétences :</strong> deux au choix parmi : Athlétisme, Intimidation, Intuition, Médecine, Persuasion et Religion</p><h1>Progression du Paladin</h1><table><thead><tr><td>Niveau</td><td>Bonus de maîtrise</td><td>Aptitudes</td></tr></thead><tbody><tr><td>1</td><td>+2</td><td>@UUID[Compendium.dnd5e.classfeatures.Item.OdrvL3afwLOPeuYZ]{Imposition des mains}, @UUID[Compendium.dnd5e.classfeatures.Item.E8ozg8avUVOX9N7u]{Perception divine}</td></tr><tr><td>2</td><td>+2</td><td>@UUID[Compendium.dnd5e.classfeatures.Item.ySMPQ6zNSlvkrl2f]{Châtiment divin}, @UUID[Compendium.dnd5e.classfeatures.Item.ihoQHsmVZlyDbPhX]{Sorts}, @UUID[Compendium.dnd5e.classfeatures.Item.Ho7dVxBlOYFlfBHk]{Style de combat}</td></tr><tr><td>3</td><td>+2</td><td>@UUID[Compendium.dnd5e.classfeatures.Item.8M7uOPhbTxoxxJSo]{Conduit divin}, @UUID[Compendium.dnd5e.classfeatures.Item.dY9yrqkyEDuF0CG2]{Santé divine}, @UUID[Compendium.dnd5e.classfeatures.Item.olAqNsUTIef9x8xC]{Serment sacré}</td></tr><tr><td>4</td><td>+2</td><td>@UUID[Compendium.dnd5e.classfeatures.Item.s0Cc2zcX0JzIgam5]{Amélioration de caractéristique}</td></tr><tr><td>5</td><td>+3</td><td>@UUID[Compendium.dnd5e.classfeatures.Item.XogoBnFWmCAHXppo]{Attaque supplémentaire}, Emplacement de sort de niveau 2</td></tr><tr><td>6</td><td>+3</td><td>@UUID[Compendium.dnd5e.classfeatures.Item.carGDhkIdoduTC0I]{Aura de protection}</td></tr><tr><td>7</td><td>+3</td><td>Amélioration de serment sacré</td></tr><tr><td>8</td><td>+3</td><td>@UUID[Compendium.dnd5e.classfeatures.Item.s0Cc2zcX0JzIgam5]{Amélioration de caractéristique}</td></tr><tr><td>9</td><td>+4</td><td>Emplacement de sort de niveau 3</td></tr><tr><td>10</td><td>+4</td><td>@UUID[Compendium.dnd5e.classfeatures.Item.nahSkBO6LH4HkpaT]{Aura de courage}</td></tr><tr><td>11</td><td>+4</td><td>@UUID[Compendium.dnd5e.classfeatures.Item.FAk41RPCTcvCk6KI]{Châtiment divin amélioré}</td></tr><tr><td>12</td><td>+4</td><td>@UUID[Compendium.dnd5e.classfeatures.Item.s0Cc2zcX0JzIgam5]{Amélioration de caractéristique}</td></tr><tr><td>13</td><td>+5</td><td>Emplacement de sort de niveau 4</td></tr><tr><td>14</td><td>+5</td><td>@UUID[Compendium.dnd5e.classfeatures.Item.U7BIPVPsptBmwsnV]{Contact purificateur}</td></tr><tr><td>15</td><td>+5</td><td>Amélioration de serment sacré</td></tr><tr><td>16</td><td>+5</td><td>@UUID[Compendium.dnd5e.classfeatures.Item.s0Cc2zcX0JzIgam5]{Amélioration de caractéristique}</td></tr><tr><td>17</td><td>+6</td><td>Emplacement de sort de niveau 5</td></tr><tr><td>18</td><td>+6</td><td>Auras améliorées</td></tr><tr><td>19</td><td>+6</td><td>@UUID[Compendium.dnd5e.classfeatures.Item.s0Cc2zcX0JzIgam5]{Amélioration de caractéristique}</td></tr><tr><td>20</td><td>+6</td><td>Amélioration de serment sacré</td></tr></tbody></table><h1>Serments sacrés</h1><p>Embrasser la carrière de paladin revient à prononcer un serment qui l’engage sur la voie de la droiture et à tout entreprendre pour combattre la malveillance. Le serment final, prononcé lorsqu’il atteint le niveau 3, est l’aboutissement de toute la formation du paladin. Certains personnages de cette classe ne se considèrent pas comme de vrais paladins tant qu’ils n’ont pas atteint le niveau 3 et prêté serment. Pour d’autres paladins, la prestation de serment proprement dite est une formalité, une façon d’officialiser ce qu’ils ont toujours ressenti au plus profond de leur être.</p><p>@UUID[Compendium.dnd5e.subclasses.Item.sZ86mbX8D5PfYuhl]{Serments sacrés}</p><div class=\"sidebar-block\"><h4>Rompre votre serment</h4><p>Les paladins ont beau s’efforcer de respecter une éthique très exigeante, même le plus vertueux d’entre eux reste un être faillible. Il arrive parfois que le droit chemin s’avère trop difficile à suivre, qu’une situation appelle à trancher entre deux maux et que dans le feu de l’action, un paladin en vienne à transgresser son serment.</p><p>La coutume veut qu’un paladin ayant rompu un vœu cherche l’absolution auprès d’un clerc partageant sa foi ou d’un autre paladin issu du même ordre. Il doit par exemple passer une nuit à prier. Dans d’autres cas, il devra jeûner ou accomplir quelque acte de pénitence. Après un tel rite de confession et de pardon, ce paladin prend un nouveau départ.</p><p>Dans le cas d’un paladin qui viole délibérément son serment et ne montre aucun signe de repentir, les conséquences peuvent être plus sévères. À la discrétion du MJ, un paladin impénitent peut être contraint de renoncer à cette classe et d’en adopter une autre.</p></div>"
    },
    "Ranger": {
      "name": "Rôdeur",
      "description": "<p>Vous recevez les aptitudes de classe suivantes en tant que rôdeur.</p><h3>Points de vie</h3><p><strong>Dés de vie :</strong> 1d10 par niveau de rôdeur<br /><strong>Points de vie au niveau 1 :</strong> 10 + votre modificateur de Constitution<br /><strong>Points de vie à plus haut niveau :</strong> 1d10 (ou 6) + votre modificateur de Constitution par niveau de rôdeur au-delà du premier</p><h3>Maîtrises</h3><p><strong>Armures :</strong> armures légères, armures intermédiaires, boucliers<br /><strong>Armes :</strong> armes courantes, armes de guerre<br /><strong>Outils:</strong> aucun<br /><strong>Jets de sauvegarde :</strong> Force, Dextérité<br /><strong>Compétences :</strong> trois au choix parmi : Athlétisme, Dressage, Discrétion, Intuition, Investigation, Nature, Perception et Survie</p><h1>Progression du Rôdeur</h1><table><thead><tr><td>Niveau</td><td>Bonus de maîtrise</td><td>Aptitudes</td></tr></thead><tbody><tr><td>1</td><td>+2</td><td>@UUID[Compendium.dnd5e.classfeatures.Item.4Vpj9vCOB37GtXk6]{Ennemi juré}, @UUID[Compendium.dnd5e.classfeatures.Item.8fbZt2Qh7ZttwIan]{Explorateur-né}</td></tr><tr><td>2</td><td>+2</td><td>@UUID[Compendium.dnd5e.classfeatures.Item.u6xV3Ki3TXRrD7zg]{Sorts}, @UUID[Compendium.dnd5e.classfeatures.Item.nJA3ISVmyj3uPRVM]{Style de combat}</td></tr><tr><td>3</td><td>+2</td><td>@UUID[Compendium.dnd5e.classfeatures.Item.1dJHU48yNqn3lcfx]{Archétype de rôdeur}, @UUID[Compendium.dnd5e.classfeatures.Item.kaHcUGiwi8AtfZIm]{Vigilance primitive}</td></tr><tr><td>4</td><td>+2</td><td>@UUID[Compendium.dnd5e.classfeatures.Item.s0Cc2zcX0JzIgam5]{Amélioration de caractéristique}</td></tr><tr><td>5</td><td>+3</td><td>@UUID[Compendium.dnd5e.classfeatures.Item.XogoBnFWmCAHXppo]{Attaque supplémentaire}, Emplacement de sort de niveau 2</td></tr><tr><td>6</td><td>+3</td><td>@UUID[Compendium.dnd5e.classfeatures.Item.4Vpj9vCOB37GtXk6]{Amélioration d'Ennemi juré}, @UUID[Compendium.dnd5e.classfeatures.Item.8fbZt2Qh7ZttwIan]{Amélioration d'Explorateur-nés}</td></tr><tr><td>7</td><td>+3</td><td>Aptitude d’archétype de rôdeur</td></tr><tr><td>8</td><td>+3</td><td>@UUID[Compendium.dnd5e.classfeatures.Item.s0Cc2zcX0JzIgam5]{Amélioration de caractéristique}, @UUID[Compendium.dnd5e.classfeatures.Item.C5fzaOBc6HxyOWRn]{Foulée tellurique}</td></tr><tr><td>9</td><td>+4</td><td>Emplacement de sort de niveau 3</td></tr><tr><td>10</td><td>+4</td><td>@UUID[Compendium.dnd5e.classfeatures.Item.8fbZt2Qh7ZttwIan]{Amélioration d'Explorateur-né}, @UUID[Compendium.dnd5e.classfeatures.Item.r0unvWK0lPsDthDx]{Camouflage naturel}</td></tr><tr><td>11</td><td>+4</td><td>Aptitude d’archétype de rôdeur</td></tr><tr><td>12</td><td>+4</td><td>@UUID[Compendium.dnd5e.classfeatures.Item.s0Cc2zcX0JzIgam5]{Amélioration de caractéristique}</td></tr><tr><td>13</td><td>+5</td><td>Emplacement de sort de niveau 4</td></tr><tr><td>14</td><td>+5</td><td>@UUID[Compendium.dnd5e.classfeatures.Item.4Vpj9vCOB37GtXk6]{Amélioration d'Ennemi juré}, @UUID[Compendium.dnd5e.classfeatures.Item.DhU2dWCNnX78TstR]{Disparition}</td></tr><tr><td>15</td><td>+5</td><td>Aptitude d’archétype de rôdeur</td></tr><tr><td>16</td><td>+5</td><td>@UUID[Compendium.dnd5e.classfeatures.Item.s0Cc2zcX0JzIgam5]{Amélioration de caractéristique}</td></tr><tr><td>17</td><td>+6</td><td>Emplacement de sort de niveau 5</td></tr><tr><td>18</td><td>+6</td><td>@UUID[Compendium.dnd5e.classfeatures.Item.QBVmY56RMQuh6C8h]{Sens sauvages}</td></tr><tr><td>19</td><td>+6</td><td>@UUID[Compendium.dnd5e.classfeatures.Item.s0Cc2zcX0JzIgam5]{Amélioration de caractéristique}</td></tr><tr><td>20</td><td>+6</td><td>@UUID[Compendium.dnd5e.classfeatures.Item.3CaP1vFHVR8LgHjx]{Tueur implacable}</td></tr></tbody></table><h1>Archétype de rôdeur</h1><p>L’incarnation classique de l’idéal du rôdeur reste le Chasseur.</p><p>@UUID[Compendium.dnd5e.subclasses.Item.uqd2q6WjVfcsaaGb]{Chasseur}</p>"
    },
    "Rogue": {
      "name": "Roublard",
      "description": "<p>Vous recevez les aptitudes de classe suivantes en tant que roublard.</p><h3>Points de vie</h3><p><strong>Dés de vie :</strong> 1d8 par niveau de roublard<br /><strong>Points de vie au niveau 1 :</strong> 8 + votre modificateur de Constitution<br /><strong>Points de vie à plus haut niveau :</strong> 1d8 (ou 5) + votre modificateur de Constitution par niveau de roublard au-delà du premier</p><h3>Maîtrises</h3><p><strong>Armures :</strong> armures légères<br /><strong>Armes :</strong> armes courantes, arbalète de poing, épée courte, épée longue, rapière<br /><strong>Outils :</strong> outils de voleur<br /><strong>Jets de sauvegarde :</strong> Dextérité, Intelligence<br /><strong>Compétences :</strong> quatre au choix parmi : Acrobaties, Athlétisme, Discrétion, Escamotage, Intimidation, Intuition, Investigation, Perception, Persuasion, Représentation et Tromperie</p><h1>Progression du Roublard</h1><table><thead><tr><td>Niveau</td><td>Bonus de maîtrise</td><td>Attaque sournoise</td><td>Aptitudes</td></tr></thead><tbody><tr><td>1</td><td>+2</td><td>1d6</td><td>@UUID[Compendium.dnd5e.classfeatures.Item.ohwfuwnvuoBWlSQr]{Argot des voleurs}, @UUID[Compendium.dnd5e.classfeatures.Item.DPN2Gfk8yi1Z5wp7]{Attaque sournoise}, @UUID[Compendium.dnd5e.classfeatures.Item.3sYPftQKnbbVnHrh]{Expertise}</td></tr><tr><td>2</td><td>+2</td><td>1d6</td><td>@UUID[Compendium.dnd5e.classfeatures.Item.01pcLg6PRu5zGrsb]{Ruse}</td></tr><tr><td>3</td><td>+2</td><td>2d6</td><td>@UUID[Compendium.dnd5e.classfeatures.Item.80USV8ZFPIahpLd0]{Archétype de roublard}</td></tr><tr><td>4</td><td>+2</td><td>2d6</td><td>@UUID[Compendium.dnd5e.classfeatures.Item.v7MxFuTAgOsmxZCD]{Amélioration de caractéristique}</td></tr><tr><td>5</td><td>+3</td><td>3d6</td><td>@UUID[Compendium.dnd5e.classfeatures.Item.Mm64SKAHJWYecgXS]{Esquive instinctive}</td></tr><tr><td>6</td><td>+3</td><td>3d6</td><td>@UUID[Compendium.dnd5e.classfeatures.Item.3sYPftQKnbbVnHrh]{Expertise}</td></tr><tr><td>7</td><td>+3</td><td>4d6</td><td>@UUID[Compendium.dnd5e.classfeatures.Item.a4P4DNMmH8CqSNkC]{Esquive totale}</td></tr><tr><td>8</td><td>+3</td><td>4d6</td><td>@UUID[Compendium.dnd5e.classfeatures.Item.v7MxFuTAgOsmxZCD]{Amélioration de caractéristique}</td></tr><tr><td>9</td><td>+4</td><td>5d6</td><td>Aptitude d'archétype de roublard</td></tr><tr><td>10</td><td>+4</td><td>5d6</td><td>@UUID[Compendium.dnd5e.classfeatures.Item.v7MxFuTAgOsmxZCD]{Amélioration de caractéristique}</td></tr><tr><td>11</td><td>+4</td><td>6d6</td><td>@UUID[Compendium.dnd5e.classfeatures.Item.YN9xm6MCvse4Y60u]{Savoir-faire}</td></tr><tr><td>12</td><td>+4</td><td>6d6</td><td>@UUID[Compendium.dnd5e.classfeatures.Item.v7MxFuTAgOsmxZCD]{Amélioration de caractéristique}</td></tr><tr><td>13</td><td>+5</td><td>7d6</td><td>Aptitude d'archétype de roublard</td></tr><tr><td>14</td><td>+5</td><td>7d6</td><td>@UUID[Compendium.dnd5e.classfeatures.Item.fjsBk7zxoAbLf8ZI]{Perception aveugle}</td></tr><tr><td>15</td><td>+5</td><td>8d6</td><td>@UUID[Compendium.dnd5e.classfeatures.Item.V4pwFxlwHtNeB4w9]{Esprit fuyant}</td></tr><tr><td>16</td><td>+5</td><td>8d6</td><td>@UUID[Compendium.dnd5e.classfeatures.Item.v7MxFuTAgOsmxZCD]{Amélioration de caractéristique}</td></tr><tr><td>17</td><td>+6</td><td>9d6</td><td>Aptitude d'archétype de roublard</td></tr><tr><td>18</td><td>+6</td><td>9d6</td><td>@UUID[Compendium.dnd5e.classfeatures.Item.L7nJSRosos8sHJH9]{Insaisissable}</td></tr><tr><td>19</td><td>+6</td><td>10d6</td><td>@UUID[Compendium.dnd5e.classfeatures.Item.v7MxFuTAgOsmxZCD]{Amélioration de caractéristique}</td></tr><tr><td>20</td><td>+6</td><td>10d6</td><td>@UUID[Compendium.dnd5e.classfeatures.Item.rQhWDaMHMn7iU4f2]{Coup de chance}</td></tr></tbody></table><h1>Archétypes de roublard</h1><p>Tous les roublards partagent un tronc commun d’aptitudes : spécialisation dans certaines compétences, approche précise et meurtrière du combat, développement de réflexes fulgurants. Les talents des roublards peuvent cependant prendre bien des formes, incarnées par les archétypes de roublard. Ce choix d’archétype traduit l’idéal vers lequel vous tendez ; il n’est pas forcément synonyme de la profession choisie, plutôt une description de vos techniques préférées.</p><p>@UUID[Compendium.dnd5e.subclasses.Item.k8iuefRorWOjb9gR]{Voleur}</p>"
    },
    "Sorcerer": {
      "name": "Ensorceleur",
      "description": "<p>Vous recevez les aptitudes de classe suivantes en tant qu’ensorceleur.</p><h3>Points de vie</h3><p><strong>Dés de vie :</strong> 1d6 par niveau d’ensorceleur<br /><strong>Points de vie au niveau 1 :</strong> 6 + votre modificateur de Constitution<br /><strong>Points de vie à plus haut niveau:</strong> 1d6 (ou 4) + votre modificateur de Constitution par niveau d’ensorceleur au-delà du premier</p><h3>Maîtrises</h3><p><strong>Armures:</strong> aucune<br /><strong>Armes :</strong> dague, fléchette, fronde, bâton, arbalète légère<br /><strong>Outils:</strong> aucun<br /><strong>Jets de sauvegarde :</strong> Constitution, Charisme<br /><strong>Compétences :</strong> deux au choix parmi : Arcanes, Intimidation, Intuition, Persuasion, Religion et Tromperie</p><h1>Progression de l'Ensorceleur</h1><table><thead><tr><td>Niveau</td><td>Bonus de maîtrise</td><td>Points de sorcellerie</td><td>Aptitudes</td></tr></thead><tbody><tr><td>1</td><td>+2</td><td>̶</td><td>@UUID[Compendium.dnd5e.classfeatures.Item.oygRF3ZjTv2T7z0Y]{Sorts}, @UUID[Compendium.dnd5e.classfeatures.Item.cmRCL9T9UgRYOj1c]{Origine magique}</td></tr><tr><td>2</td><td>+2</td><td>2</td><td>@UUID[Compendium.dnd5e.classfeatures.Item.LBKChJY5n02Afhnq]{Réserve arcanique}</td></tr><tr><td>3</td><td>+2</td><td>3</td><td>Emplacement de sort de niveau 2, @UUID[Compendium.dnd5e.classfeatures.Item.9Uh7uTDNZ04oTJsL]{Métamagie}</td></tr><tr><td>4</td><td>+2</td><td>4</td><td>@UUID[Compendium.dnd5e.classfeatures.Item.s0Cc2zcX0JzIgam5]{Amélioration de caractéristique}</td></tr><tr><td>5</td><td>+3</td><td>5</td><td>Emplacement de sort de niveau 3</td></tr><tr><td>6</td><td>+3</td><td>6</td><td>Aptitude d’origine magique</td></tr><tr><td>7</td><td>+3</td><td>7</td><td>Emplacement de sort de niveau 4</td></tr><tr><td>8</td><td>+3</td><td>8</td><td>@UUID[Compendium.dnd5e.classfeatures.Item.s0Cc2zcX0JzIgam5]{Amélioration de caractéristique}</td></tr><tr><td>9</td><td>+4</td><td>9</td><td>Emplacement de sort de niveau 5</td></tr><tr><td>10</td><td>+4</td><td>10</td><td>@UUID[Compendium.dnd5e.classfeatures.Item.9Uh7uTDNZ04oTJsL]{Métamagie}</td></tr><tr><td>11</td><td>+4</td><td>11</td><td>Emplacement de sort de niveau 6</td></tr><tr><td>12</td><td>+4</td><td>12</td><td>@UUID[Compendium.dnd5e.classfeatures.Item.s0Cc2zcX0JzIgam5]{Amélioration de caractéristique}</td></tr><tr><td>13</td><td>+5</td><td>13</td><td>Emplacement de sort de niveau 7</td></tr><tr><td>14</td><td>+5</td><td>14</td><td>Aptitude d’origine magique</td></tr><tr><td>15</td><td>+5</td><td>15</td><td>Emplacement de sort de niveau 8</td></tr><tr><td>16</td><td>+5</td><td>16</td><td>@UUID[Compendium.dnd5e.classfeatures.Item.s0Cc2zcX0JzIgam5]{Amélioration de caractéristique}</td></tr><tr><td>17</td><td>+6</td><td>17</td><td>Emplacement de sort de niveau 9, @UUID[Compendium.dnd5e.classfeatures.Item.9Uh7uTDNZ04oTJsL]{Métamagie}</td></tr><tr><td>18</td><td>+6</td><td>18</td><td>Aptitude d’origine magique</td></tr><tr><td>19</td><td>+6</td><td>19</td><td>@UUID[Compendium.dnd5e.classfeatures.Item.s0Cc2zcX0JzIgam5]{Amélioration de caractéristique}</td></tr><tr><td>20</td><td>+6</td><td>20</td><td>@UUID[Compendium.dnd5e.classfeatures.Item.F2lEKSmOY0NUruzY]{Restauration ensorcelée}</td></tr></tbody></table><h1>Origine magique</h1><p>Différents ensorceleurs puisent leur magie innée de diverses origines, par exemple la Lignée draconique.</p><p>@UUID[Compendium.dnd5e.subclasses.Item.2nadB2MBSHTQ0kcl]{Lignée draconique}</p>"
    },
    "Warlock": {
      "name": "Occultiste",
      "description": "<p>Vous recevez les aptitudes de classe suivantes en tant qu’occultiste.</p><h3>Points de vie</h3><p><strong>Dés de vie :</strong> 1d8 par niveau d’occultiste<br /><strong>Points de vie au niveau 1 :</strong> 8 + otre modificateur de Constitution<br /><strong>Points de vie à plus haut niveau :</strong> 1d8 (ou 5) + votre modificateur de Constitution par niveau d’occultiste au-delà du premier</p><h3>Maîtrises</h3><p><strong>Armures :</strong> armures légères<br /><strong>Armes :</strong> armes courantes<br /><strong>Outils :</strong> aucun<br /><strong>Jets de sauvegarde :</strong> Sagesse, Charisme<br /><strong>Compétences:</strong> deux au choix parmi : Arcanes, Histoire, Intimidation, Investigation, Nature, Religion et Tromperie</p><h1>Progression de l'occultiste</h1><table border=\"0\"><thead><tr><td>NIveau</td><td>Bonus de maîtrise</td><td>Aptitudes</td><td>Sorts connus</td></tr></thead><tbody><tr><td>1</td><td>+2</td><td>@UUID[Compendium.dnd5e.classfeatures.Item.x6IJZwr6f0SGral7]{Pacte magique}, @UUID[Compendium.dnd5e.classfeatures.Item.jTXHaK0vvT5DV3uO]{Patron d'Outre-monde}</td><td>̶</td></tr><tr><td>2</td><td>+2</td><td>@UUID[Compendium.dnd5e.classfeatures.Item.8MlxM2nEfE3Q0EVk]{Manifestations occultes}</td><td>2</td></tr><tr><td>3</td><td>+2</td><td>@UUID[Compendium.dnd5e.classfeatures.Item.QwgfIpCN8VWfoUtX]{Pacte}</td><td>2</td></tr><tr><td>4</td><td>+2</td><td>@UUID[Compendium.dnd5e.classfeatures.Item.s0Cc2zcX0JzIgam5]{Amélioration de caractéristique}</td><td>2</td></tr><tr><td>5</td><td>+3</td><td>Emplacement de sort niveau 3, +1 Invocation</td><td>3</td></tr><tr><td>6</td><td>+3</td><td>Aptitude de protecteur d’outre-monde</td><td>3</td></tr><tr><td>7</td><td>+3</td><td>Emplacement de sort niveau 4, +1 Invocation</td><td>4</td></tr><tr><td>8</td><td>+3</td><td>@UUID[Compendium.dnd5e.classfeatures.Item.s0Cc2zcX0JzIgam5]{Amélioration de caractéristique}</td><td>4</td></tr><tr><td>9</td><td>+4</td><td>Emplacement de sort niveau 5, +1 Invocation</td><td>5</td></tr><tr><td>10</td><td>+4</td><td>Aptitude de protecteur d’outre-monde</td><td>5</td></tr><tr><td>11</td><td>+4</td><td>@UUID[Compendium.dnd5e.classfeatures.Item.zB77V8BcCJvWVxck]{Arcanum mystique (6e niveau)}</td><td>5</td></tr><tr><td>12</td><td>+4</td><td>@UUID[Compendium.dnd5e.classfeatures.Item.s0Cc2zcX0JzIgam5]{Amélioration de caractéristique}, +1 Invocation</td><td>6</td></tr><tr><td>13</td><td>+5</td><td>@UUID[Compendium.dnd5e.classfeatures.Item.zB77V8BcCJvWVxck]{Arcanum mystique (7e niveau)}</td><td>6</td></tr><tr><td>14</td><td>+5</td><td>Aptitude de protecteur d’outre-monde</td><td>6</td></tr><tr><td>15</td><td>+5</td><td>@UUID[Compendium.dnd5e.classfeatures.Item.zB77V8BcCJvWVxck]{Arcanum mystique (8e niveau)}, +1 Invocation</td><td>7</td></tr><tr><td>16</td><td>+5</td><td>@UUID[Compendium.dnd5e.classfeatures.Item.s0Cc2zcX0JzIgam5]{Amélioration de caractéristique}</td><td>7</td></tr><tr><td>17</td><td>+6</td><td>@UUID[Compendium.dnd5e.classfeatures.Item.zB77V8BcCJvWVxck]{Arcanum mystique (9e niveau)}</td><td>7</td></tr><tr><td>18</td><td>+6</td><td>+1 Invocation</td><td>8</td></tr><tr><td>19</td><td>+6</td><td>@UUID[Compendium.dnd5e.classfeatures.Item.s0Cc2zcX0JzIgam5]{Amélioration de caractéristique}</td><td>8</td></tr><tr><td>20</td><td>+6</td><td>@UUID[Compendium.dnd5e.classfeatures.Item.0C04rwyvoknvFYiy]{Maître de l’occulte}</td><td>8</td></tr></tbody></table><div class=\"sidebar-block\"><h4>Votre pacte</h4><p>Chaque option de Pacte produit une créature spéciale ou un objet qui reflète la sombre nature de votre protecteur.</p><p><em><strong>Pacte de la chaîne. </strong></em>Votre familier est plus rusé qu’un familier ordinaire. Sa forme par défaut peut être le reflet de votre protecteur, diablotin ou quasit selon le type de fiélon.</p><p><em><strong>Pacte de la lame. </strong></em>Si vous servez le Fiélon, votre arme pourrait être une hache en métal noir ornée de flammes décoratives.</p><p><em><strong>Pacte du grimoire. </strong></em>Votre Codex des Ombres pourrait être un livre pesant à reliure en peau de démon cloutée de fer, contenant des sorts d’invocation et une mine de savoir interdit sur les régions les plus sinistres du cosmos, cadeau du Fiélon.</p></div><h1>Protecteurs d’outre-monde</h1><p>Les entités qui servent de protecteurs aux occultistes sont de puissantes créatures habitant d’autres plans d’existence : sans être des dieux, elles disposent de pouvoirs quasi divins. Ces protecteurs accordent à leurs occultistes l’accès à une panoplie de pouvoirs et de manifestations, mais ils attendent des faveurs significatives en retour.</p><p>Certains collectionnent les occultistes en dispensant leurs connaissances mystiques assez librement, quand ce n’est pas juste pour s’enorgueillir de leur faculté à lier les simples mortels à leur volonté. D’autres se montrent si peu enclins à partager leur puissance qu’ils ne concluent de pacte qu’avec un seul occultiste. Des occultistes au service d’un même protecteur peuvent se voir comme des alliés, des frères ou des rivaux.</p><p>@UUID[Compendium.dnd5e.subclasses.Item.WPFVBg589uI8iOMH]{Le Fiélon}</p>"
    },
    "Wizard": {
      "name": "Magicien",
      "description": "<p>Vous recevez les aptitudes de classe suivantes en tant que magicien.</p><h3>Points de vie</h3><p><strong>Dés de vie :</strong> 1d6 par niveau de magicien<br /><strong>Points de vie au niveau 1 :</strong> 6 + votre modificateur de Constitution<br /><strong>Points de vie à plus haut niveau :</strong> 1d6 (ou 4) + votre modificateur de Constitution par niveau de magicien au-delà du premier</p><h3>Maîtrises</h3><p><strong>Armures :</strong> aucune<br /><strong>Armes :</strong> arbalète légère, bâton de combat, dague, fléchettes, fronde<br /><strong>Outils :</strong> aucun<br /><strong>Jets de sauvegarde :</strong> Intelligence, Sagesse<br /><strong>Compétences :</strong> deux au choix parmi : Arcanes, Histoire, Intuition, Investigation, Médecine et Religion</p><h1>Progression du Magicien</h1><table><thead><tr><td>Niveau</td><td>Bonus de maîtrise</td><td>Aptitudes</td></tr></thead><tbody><tr><td>1</td><td>+2</td><td>@UUID[Compendium.dnd5e.classfeatures.Item.e0uTcFPpgxjIyUW9]{Restauration magique}, @UUID[Compendium.dnd5e.classfeatures.Item.gbNo5eVPaqr8IVKL]{Sorts}</td></tr><tr><td>2</td><td>+2</td><td>@UUID[Compendium.dnd5e.classfeatures.Item.AEWr9EMxy5gj4ZFT]{Tradition arcanique}</td></tr><tr><td>3</td><td>+2</td><td>Emplacement de sort niveau 2</td></tr><tr><td>4</td><td>+2</td><td>@UUID[Compendium.dnd5e.classfeatures.Item.s0Cc2zcX0JzIgam5]{Amélioration de caractéristique}</td></tr><tr><td>5</td><td>+3</td><td>Emplacement de sort niveau 3</td></tr><tr><td>6</td><td>+3</td><td>Aptitude de Tradition arcanique</td></tr><tr><td>7</td><td>+3</td><td>Emplacement de sort niveau 4</td></tr><tr><td>8</td><td>+3</td><td>@UUID[Compendium.dnd5e.classfeatures.Item.s0Cc2zcX0JzIgam5]{Amélioration de caractéristique}</td></tr><tr><td>9</td><td>+4</td><td>Emplacement de sort niveau 5</td></tr><tr><td>10</td><td>+4</td><td>Aptitude de Tradition arcanique</td></tr><tr><td>11</td><td>+4</td><td>Emplacement de sort niveau 6</td></tr><tr><td>12</td><td>+4</td><td>@UUID[Compendium.dnd5e.classfeatures.Item.s0Cc2zcX0JzIgam5]{Amélioration de caractéristique}</td></tr><tr><td>13</td><td>+5</td><td>Emplacement de sort niveau 7</td></tr><tr><td>14</td><td>+5</td><td>Aptitude de Tradition arcanique</td></tr><tr><td>15</td><td>+5</td><td>Emplacement de sort niveau 8</td></tr><tr><td>16</td><td>+5</td><td>@UUID[Compendium.dnd5e.classfeatures.Item.s0Cc2zcX0JzIgam5]{Amélioration de caractéristique}</td></tr><tr><td>17</td><td>+6</td><td>Emplacement de sort niveau 9</td></tr><tr><td>18</td><td>+6</td><td>@UUID[Compendium.dnd5e.classfeatures.Item.JfFfHTeIszx1hNRx]{Maîtrise des sorts}</td></tr><tr><td>19</td><td>+6</td><td>@UUID[Compendium.dnd5e.classfeatures.Item.s0Cc2zcX0JzIgam5]{Amélioration de caractéristique}</td></tr><tr><td>20</td><td>+6</td><td>@UUID[Compendium.dnd5e.classfeatures.Item.nUrZDi6QN1YjwAr6]{Sorts de prédilection}</td></tr></tbody></table><div class=\"sidebar-block\"><h3>Votre grimoire</h3><p>Les sorts que vous ajoutez à votre grimoire au fil de votre progression en niveaux reflètent les recherches arcaniques que vous menez de votre côté, ainsi que vos percées intellectuelles concernant la nature du multivers. Il se peut que vous découvriez d’autres sorts au cours de vos aventures. Vous pourriez tomber sur un parchemin de sort dans le coffre d’une magicienne maléfique, par exemple, ou dans quelque volume poussiéreux au fond d’une vieille bibliothèque.</p><p><em><strong>Recopier un sort.</strong></em> Lorsque vous trouvez un sort de magicien du 1er niveau ou supérieur, vous pouvez l’ajouter à votre grimoire s’il s’agit d’un niveau de sort que vous pouvez préparer et si vous pouvez consacrer du temps à le déchiffrer et à le recopier.</p><p>Cette retranscription vous demande de reproduire la forme de base du sort, puis de décrypter le système de notation propre au magicien qui l’a rédigé. Vous devez apprivoiser le sort par la pratique jusqu’à appréhender les sons et les gestes demandés, puis le retranscrire dans votre grimoire selon votre propre notation.</p><p>Cette opération nécessite 2 heures et 50 po par niveau du sort. Ce coût représente les composantes matérielles dépensées lors de vos expérimentations, ainsi que les encres de qualité demandées par la retranscription. Une fois ce temps et cet argent acquittés, vous pouvez préparer ce sort comme tous vos autres sorts.</p><p><em><strong>Remplacer un grimoire.</strong></em> Vous pouvez recopier un sort de votre propre grimoire dans un autre ; si vous souhaitez vous confectionner un exemplaire de rechange, par exemple. La procédure est la même que pour recopier un nouveau sort dans votre grimoire mais elle s’avère plus simple et plus rapide, car vous maîtrisez votre propre notation et savez déjà lancer le sort. Il vous faut ainsi seulement consacrer 1 heure et 10 po par niveau du sort recopié.</p><p>Si vous perdez votre grimoire, vous pouvez recourir à cette même opération pour retranscrire les sorts que vous avez préparés dans un nouveau grimoire. Pour le reste, il vous faudra trouver de nouveaux sorts (ou retrouver ceux que vous avez perdus), selon la règle normale. Cela explique pourquoi de nombreux magiciens conservent des grimoires de rechange en lieu sûr.</p><p><em><strong>L’aspect du grimoire.</strong></em> Votre grimoire est un recueil unique de sorts présenté, annoté et orné selon vos goûts. Il peut s’agir d’un simple volume en cuir, offert par votre maître, d’un magnifique tome relié que vous avez déniché dans une bibliothèque ancienne, ou encore d’une liasse de notes rassemblées à la hâte si vous avez perdu votre précédent grimoire.</p></div><h1>Traditions arcaniques</h1><p>L’étude des arcanes est une pratique très ancienne, qui remonte à l’époque où les mortels furent pour la première fois confrontés à la magie. Elle est fermement ancrée dans les univers de jeu de fantasy, diverses traditions s’étant consacrées à l’étude de ce sujet complexe.</p><p>Les écoles de magie constituent le fondement des traditions arcaniques dans tout le multivers. Les magiciens qui se sont succédé au fil des âges ont répertorié des milliers de sorts, distribués en huit catégories appelées écoles. Dans certaines contrées, ces traditions constituent des établissements à part entière. En d’autres contextes, il s’agira de sections universitaires, chaque faculté rivalisant pour attirer le plus d’élèves et de financement. Même les magiciens reclus dans leur tour pour former des disciples recourent à cette division en écoles de magie comme base d’apprentissage, les sorts de chaque école nécessitant la maîtrise de techniques distinctes.</p><p>@UUID[Compendium.dnd5e.subclasses.Item.Ye5f3FReEnuXfi0y]{École de l’Évocation}</p>"
    }
  }
}
