{
  "label": "Traits Raciaux (DRS)",
  "mapping": {
    "requirements": {
      "path": "system.requirements",
      "converter": "requirements"
    },
    "sources": {
      "path": "system.source",
      "converter": "source"
    },
    "movement": {
      "path": "system.movement",
      "converter": "movement"
    },
    "senses": {
      "path": "system.senses",
      "converter": "senses"
    },
    "type": {
      "path": "system.type",
      "converter": "type"
    },
    "sizehint": {
      "path": "system.advancement",
      "converter": "adv_sizehint"
    }
  },
  "folders": {
    "Dragonborn": "Drakéide",
    "Dragonborn Features": "Aptitudes de drakéide",
    "Dwarf": "Nain",
    "Dwarf Features": "Aptitudes de nain",
    "Elf": "Elfe",
    "Elf Features": "Aptitudes d'elfe",
    "Gnome": "Gnome",
    "Gnome Features": "Aptitudes de gnome",
    "Halfling": "Halflin",
    "Halfling Features": "Aptitudes d'halflin",
    "Human": "Humain",
    "Orc": "Orc",
    "Orc Features": "Aptitudes d'orc",
    "Tiefling": "Tieflin",
    "Tiefling Features": "Aptitudes de tieflin"
  },
  "entries": {
    "Artificer's Lore": {
      "name": "Connaissance en ingénierie",
      "description": "<p>Chaque fois que vous effectuez un jet d'Intelligence (Histoire) en relation avec l'alchimie, des objets magiques ou des dispositifs technologiques, ajoutez le double de votre bonus de maîtrise au jet, au lieu du bonus de maîtrise normal.</p>"
    },
    "Brave": {
      "name": "Brave",
      "description": "<p>Vous êtes avantagé aux jets de sauvegarde contre l’état effrayé.</p>"
    },
    "Breath Weapon - Black": {
      "name": "Souffle : Noir",
      "description": "<p>Vous pouvez utiliser votre action pour libérer un souffle d'énergie destructrice. Votre ascendance draconique détermine la taille, la forme et le type de dégâts de votre souffle.</p><p>Lorsque vous utilisez votre souffle, toute créature dans la zone de l'expiration doit faire un jet de sauvegarde, dont le type est déterminé par votre ascendance draconique. Le DD de ce jet de sauvegarde est égal à 8 + votre modificateur de Constitution + votre bonus de maîtrise. En cas d'échec, la créature subit 2d6 dégâts, ou la moitié de ces dégâts en cas de réussite. Les dégâts augmentent à 3d6 au niveau 6, 4d6 au niveau 11, et 5d6 au niveau 16.</p><p>Après avoir utilisé votre souffle, vous devez terminer un repos court ou long pour pouvoir l'utiliser à nouveau.</p>"
    },
    "Breath Weapon - Blue": {
      "name": "Souffle : Bleu",
      "description": "<p>Vous pouvez utiliser votre action pour libérer un souffle d'énergie destructrice. Votre ascendance draconique détermine la taille, la forme et le type de dégâts de votre souffle.</p><p>Lorsque vous utilisez votre souffle, toute créature dans la zone de l'expiration doit faire un jet de sauvegarde, dont le type est déterminé par votre ascendance draconique. Le DD de ce jet de sauvegarde est égal à 8 + votre modificateur de Constitution + votre bonus de maîtrise. En cas d'échec, la créature subit 2d6 dégâts, ou la moitié de ces dégâts en cas de réussite. Les dégâts augmentent à 3d6 au niveau 6, 4d6 au niveau 11, et 5d6 au niveau 16.</p><p>Après avoir utilisé votre souffle, vous devez terminer un repos court ou long pour pouvoir l'utiliser à nouveau.</p>"
    },
    "Breath Weapon - Brass": {
      "name": "Souffle : Airain",
      "description": "<p>Vous pouvez utiliser votre action pour libérer un souffle d'énergie destructrice. Votre ascendance draconique détermine la taille, la forme et le type de dégâts de votre souffle.</p><p>Lorsque vous utilisez votre souffle, toute créature dans la zone de l'expiration doit faire un jet de sauvegarde, dont le type est déterminé par votre ascendance draconique. Le DD de ce jet de sauvegarde est égal à 8 + votre modificateur de Constitution + votre bonus de maîtrise. En cas d'échec, la créature subit 2d6 dégâts, ou la moitié de ces dégâts en cas de réussite. Les dégâts augmentent à 3d6 au niveau 6, 4d6 au niveau 11, et 5d6 au niveau 16.</p><p>Après avoir utilisé votre souffle, vous devez terminer un repos court ou long pour pouvoir l'utiliser à nouveau.</p>"
    },
    "Breath Weapon - Bronze": {
      "name": "Souffle : Bronze",
      "description": "<p>Vous pouvez utiliser votre action pour libérer un souffle d'énergie destructrice. Votre ascendance draconique détermine la taille, la forme et le type de dégâts de votre souffle.</p><p>Lorsque vous utilisez votre souffle, toute créature dans la zone de l'expiration doit faire un jet de sauvegarde, dont le type est déterminé par votre ascendance draconique. Le DD de ce jet de sauvegarde est égal à 8 + votre modificateur de Constitution + votre bonus de maîtrise. En cas d'échec, la créature subit 2d6 dégâts, ou la moitié de ces dégâts en cas de réussite. Les dégâts augmentent à 3d6 au niveau 6, 4d6 au niveau 11, et 5d6 au niveau 16.</p><p>Après avoir utilisé votre souffle, vous devez terminer un repos court ou long pour pouvoir l'utiliser à nouveau.</p>"
    },
    "Breath Weapon - Copper": {
      "name": "Souffle : Cuivre",
      "description": "<p>Vous pouvez utiliser votre action pour libérer un souffle d'énergie destructrice. Votre ascendance draconique détermine la taille, la forme et le type de dégâts de votre souffle.</p><p>Lorsque vous utilisez votre souffle, toute créature dans la zone de l'expiration doit faire un jet de sauvegarde, dont le type est déterminé par votre ascendance draconique. Le DD de ce jet de sauvegarde est égal à 8 + votre modificateur de Constitution + votre bonus de maîtrise. En cas d'échec, la créature subit 2d6 dégâts, ou la moitié de ces dégâts en cas de réussite. Les dégâts augmentent à 3d6 au niveau 6, 4d6 au niveau 11, et 5d6 au niveau 16.</p><p>Après avoir utilisé votre souffle, vous devez terminer un repos court ou long pour pouvoir l'utiliser à nouveau.</p>"
    },
    "Breath Weapon - Gold": {
      "name": "Souffle : Or",
      "description": "<p>Vous pouvez utiliser votre action pour libérer un souffle d'énergie destructrice. Votre ascendance draconique détermine la taille, la forme et le type de dégâts de votre souffle.</p><p>Lorsque vous utilisez votre souffle, toute créature dans la zone de l'expiration doit faire un jet de sauvegarde, dont le type est déterminé par votre ascendance draconique. Le DD de ce jet de sauvegarde est égal à 8 + votre modificateur de Constitution + votre bonus de maîtrise. En cas d'échec, la créature subit 2d6 dégâts, ou la moitié de ces dégâts en cas de réussite. Les dégâts augmentent à 3d6 au niveau 6, 4d6 au niveau 11, et 5d6 au niveau 16.</p><p>Après avoir utilisé votre souffle, vous devez terminer un repos court ou long pour pouvoir l'utiliser à nouveau.</p>"
    },
    "Breath Weapon - Green": {
      "name": "Souffle : Vert",
      "description": "<p>Vous pouvez utiliser votre action pour libérer un souffle d'énergie destructrice. Votre ascendance draconique détermine la taille, la forme et le type de dégâts de votre souffle.</p><p>Lorsque vous utilisez votre souffle, toute créature dans la zone de l'expiration doit faire un jet de sauvegarde, dont le type est déterminé par votre ascendance draconique. Le DD de ce jet de sauvegarde est égal à 8 + votre modificateur de Constitution + votre bonus de maîtrise. En cas d'échec, la créature subit 2d6 dégâts, ou la moitié de ces dégâts en cas de réussite. Les dégâts augmentent à 3d6 au niveau 6, 4d6 au niveau 11, et 5d6 au niveau 16.</p><p>Après avoir utilisé votre souffle, vous devez terminer un repos court ou long pour pouvoir l'utiliser à nouveau.</p>"
    },
    "Breath Weapon - Red": {
      "name": "Souffle : Rouge",
      "description": "<p>Vous pouvez utiliser votre action pour libérer un souffle d'énergie destructrice. Votre ascendance draconique détermine la taille, la forme et le type de dégâts de votre souffle.</p><p>Lorsque vous utilisez votre souffle, toute créature dans la zone de l'expiration doit faire un jet de sauvegarde, dont le type est déterminé par votre ascendance draconique. Le DD de ce jet de sauvegarde est égal à 8 + votre modificateur de Constitution + votre bonus de maîtrise. En cas d'échec, la créature subit 2d6 dégâts, ou la moitié de ces dégâts en cas de réussite. Les dégâts augmentent à 3d6 au niveau 6, 4d6 au niveau 11, et 5d6 au niveau 16.</p><p>Après avoir utilisé votre souffle, vous devez terminer un repos court ou long pour pouvoir l'utiliser à nouveau.</p>"
    },
    "Breath Weapon - Silver": {
      "name": "Souffle : Argent",
      "description": "<p>Vous pouvez utiliser votre action pour libérer un souffle d'énergie destructrice. Votre ascendance draconique détermine la taille, la forme et le type de dégâts de votre souffle.</p><p>Lorsque vous utilisez votre souffle, toute créature dans la zone de l'expiration doit faire un jet de sauvegarde, dont le type est déterminé par votre ascendance draconique. Le DD de ce jet de sauvegarde est égal à 8 + votre modificateur de Constitution + votre bonus de maîtrise. En cas d'échec, la créature subit 2d6 dégâts, ou la moitié de ces dégâts en cas de réussite. Les dégâts augmentent à 3d6 au niveau 6, 4d6 au niveau 11, et 5d6 au niveau 16.</p><p>Après avoir utilisé votre souffle, vous devez terminer un repos court ou long pour pouvoir l'utiliser à nouveau.</p>"
    },
    "Breath Weapon - White": {
      "name": "Souffle : Blanc",
      "description": "<p>Vous pouvez utiliser votre action pour libérer un souffle d'énergie destructrice. Votre ascendance draconique détermine la taille, la forme et le type de dégâts de votre souffle.</p><p>Lorsque vous utilisez votre souffle, toute créature dans la zone de l'expiration doit faire un jet de sauvegarde, dont le type est déterminé par votre ascendance draconique. Le DD de ce jet de sauvegarde est égal à 8 + votre modificateur de Constitution + votre bonus de maîtrise. En cas d'échec, la créature subit 2d6 dégâts, ou la moitié de ces dégâts en cas de réussite. Les dégâts augmentent à 3d6 au niveau 6, 4d6 au niveau 11, et 5d6 au niveau 16.</p><p>Après avoir utilisé votre souffle, vous devez terminer un repos court ou long pour pouvoir l'utiliser à nouveau.</p>"
    },
    "Dragonborn": {
      "name": "Drakéide",
      "description": "<p>Votre ascendance draconique se manifeste par différents traits que vous partagez avec les autres Drakéides.</p><p><strong>Augmentation de caractéristiques.</strong> Votre Force augmente de 2 et votre Charisme de 1.</p><p><strong>Âge</strong>. Les jeunes Drakéides grandissent rapidement. Ils marchent juste quelques heures après l'éclosion, atteignent la taille et le développement d'un enfant humain de dix ans à l'âge de 3 ans, et sont adultes à 15 ans. Ils vivent environ 80 ans.</p><p><strong>Alignement</strong>. Les Drakéides ont une tendance pour les extrêmes, et choisissent consciemment un côté ou l'autre dans la guerre cosmique entre le bien et le mal, représenté par <a href='/univers/pantheon/bahamut/'>Bahamut</a> et <a href='/univers/pantheon/tiamat/'>Tiamat</a> respectivement. La plupart des Drakéides sont bons, mais ceux qui penchent du côté de Tiamat peuvent être des méchants terribles.</p><p><strong>Taille</strong>. Les Drakéides sont plus grands et plus lourds que les humains, mesurant plus de 1,80 mètre pour un poids moyen de près de 125 kg. Votre taille est Moyenne (M).</p><p><strong>Vitesse</strong>. Votre vitesse de base est de 9 mètres.</p><p><strong>Ascendance draconique</strong>. Vous avez une ascendance draconique. Choisissez un type de dragon dans la table ci-dessous. Votre souffle et votre résistance aux dégâts sont déterminés par le type de dragon, comme indiqué dans la table.</p><p><strong>@Compendium[dnd5e.races.KL7wx9Q8XNJQir0k]</strong>. Vous pouvez utiliser votre action pour expirer une énergie destructrice. Votre ascendance draconique détermine la taille, la forme et le type de dégâts de votre souffle. Lorsque vous utilisez votre souffle, toute créature dans la zone de l'expiration doit faire un jet de sauvegarde, dont le type est déterminé par votre ascendance draconique. Le DD de ce jet de sauvegarde est égal à 8 + votre modificateur de Constitution + votre bonus de maîtrise. En cas d'échec, la créature subit 2d6 dégâts, et la moitié en cas de réussite. Les dégâts augmentent à 3d6 au niveau 6, 4d6 au niveau 11, et 5d6 au niveau 16. Après avoir utilisé votre souffle, vous devez terminer un repos court ou long pour pouvoir l'utiliser à nouveau.</p><table>  <tbody>    <tr>      <td>        <strong>Dragon</strong>      </td>      <td>        <strong>Type de dégâts</strong>      </td>      <td>        <strong>Souffle</strong>      </td>    </tr>    <tr>      <td>Blanc</td>      <td>Froid</td>      <td>cône de 4,50 m (JdS de Con.)</td>    </tr>    <tr>      <td>Bleu</td>      <td>Foudre</td>      <td>ligne de 1,50 x 9 m (JdS de Dex.)</td>    </tr>    <tr>      <td>Noir</td>      <td>Acide</td>      <td>ligne de 1,50 x 9 m (JdS de Dex.)</td>    </tr>    <tr>      <td>Rouge</td>      <td>Feu</td>      <td>cône de 4,50 m (JdS de Dex.)</td>    </tr>    <tr>      <td>Vert</td>      <td>Poison</td>      <td>cône de 4,50 m (JdS de Con.)</td>    </tr>    <tr>      <td>Airain</td>      <td>Feu</td>      <td>ligne de 1,50 x 9 m (JdS de Dex.)</td>    </tr>    <tr>      <td>Argent</td>      <td>Froid</td>      <td>cône de 4,50 m (JdS de Con.)</td>    </tr>    <tr>      <td>Bronze</td>      <td>Foudre</td>      <td>ligne de 1,50 x 9 m (JdS de Dex.)</td>    </tr>    <tr>      <td>Cuivre</td>      <td>Acide</td>      <td>ligne de 1,50 x 9 m (JdS de Dex.)</td>    </tr>    <tr>      <td>Or</td>      <td>Feu</td>      <td>cône de 4,50 m (JdS de Dex.)</td>    </tr>  </tbody></table><p><strong>@Compendium[dnd5e.races.XxCuhIk6hAu6rNB0]</strong>. Vous obtenez la résistance au type de dégâts associé à votre ascendance draconique.</p><p><strong>Langues</strong>. Vous pouvez parler, lire et écrire le commun et le draconique. Le draconique passe pour être l'une des plus anciennes langues et est souvent utilisé dans l'étude de la magie. La langue semble cassante pour la plupart des autres créatures, et comprend de nombreuses consonnes dures et sifflantes.</p>"
    },
    "Dwarven Resilience": {
      "name": "Résistance naine",
      "description": "<p>Vous avez un avantage aux jets de sauvegarde contre le poison et obtenez la résistance contre les dégâts de poison.</p>"
    },
    "Fey Ancestry": {
      "name": "Ascendance féerique",
      "description": "<p>Vous êtes avantagé aux jets de sauvegarde contre l’état charmé et la magie ne peut pas vous endormir.</p>"
    },
    "Gnome Cunning": {
      "name": "Ruse gnome",
      "description": "<p>Vous êtes avantagé à tous les jets de sauvegarde d’Intelligence, de Sagesse et de Charisme contre la magie.</p>"
    },
    "Half-Elf": {
      "name": "Demi-Elfe",
      "description": "Votre personnage demi-elfe a des capacités en commun avec les elfes, et d'autres qui sont uniques aux demi-elfes.</p>\n<p><em><strong>Augmentation de caractéristiques.</strong></em> Votre Charisme augmente de 2 et deux autres caractéristiques de votre choix augmentent de 1.</p>\n<p><em><strong>Âge.</strong></em> Les demi-elfes vieillissent au même rythme que les humains, et atteignent l'âge adulte vers leurs 20 ans. Ils vivent cependant beaucoup plus longtemps que les humains, dépassant souvent les 180 ans.</p>\n<p><em><strong>Alignement.</strong></em> Les demi-elfes partagent l'aspect chaotique de leur patrimoine elfique. Ils apprécient à la fois la liberté individuelle et l'expression créative, ne démontrant aucune passion pour les dirigeants, ni aucun désir d'avoir des serviteurs. Ils n'aiment pas les règles, ne répondent pas aux demandes des autres, et peuvent parfois se révéler peu fiables, ou tout du moins imprévisibles.</p>\n<p><em><strong>Taille.</strong></em> Les demi-elfes ont plus ou moins la même taille que les humains, de 1,50 à 1,85 m. Votre taille est Moyenne (M).</p>\n<p><em><strong>Vitesse.</strong></em> Votre vitesse de base est de 9 mètres.</p>\n<p><em><strong>Vision dans le noir.</strong></em> Grâce à votre sang elfe, vous avez une vision supérieure dans le noir et les conditions de faible éclairage. Vous pouvez voir à 18 mètres dans une lumière faible comme vous verriez avec une lumière vive, et dans le noir comme vous verriez avec une lumière faible. Dans le noir, vous ne discernez pas les couleurs, uniquement des nuances de gris.</p>\n<p><em><strong>Ascendance féerique.</strong></em> @Compendium[dnd5e.races.cnTbpPPeGW7vGjOV]{Ascendance féerique} Vous avez un avantage aux jets de sauvegarde contre les effets de charme et la magie ne peut pas vous endormir.</p>\n<p><em><strong>Polyvalence.</strong></em> Vous gagnez la maîtrise de deux compétences de votre choix.</p>\n<p><em><strong>Langues.</strong></em> Vous pouvez parler, lire et écrire le commun, l'elfique, et une langue supplémentaire de votre choix."
    },
    "Half-Orc": {
      "name": "Demi-Orc",
      "description": "Votre personnage demi-orque possède certains traits qui lui viennent de son ascendance orque.</p>\n<p><em><strong>Augmentation de caractéristiques.</strong></em> Votre Force augmente de 2 et votre Constitution augmente de 1.</p>\n<p><em><strong>Âge.</strong></em> Les demi-orques deviennent matures un peu plus vite que les humains, atteignant l'âge adulte aux environs de 14 ans. Ils vieillissent sensiblement plus rapidement et vivent rarement plus de 75 ans.</p>\n<p><em><strong>Alignement.</strong></em> Les demi-orques héritent une tendance vers le chaos de leurs parents orques et ne sont pas fortement inclinées vers le bien. Les demi-orques élevés chez les orques et désireux de passer leur vie parmi eux sont habituellement d'alignement mauvais.</p>\n<p><em><strong>Taille.</strong></em> Les demi-orques sont un peu plus grands et trapus que les humains et mesurent de 1,55 à bien plus de 1,85 mètre. Votre taille est Moyenne (M).</p>\n<p><em><strong>Vitesse.</strong></em> Votre vitesse de base est de 9 mètres.</p>\n<p><em><strong>Vision dans le noir.</strong></em> Grâce à votre sang orque, vous avez une vision supérieure dans le noir et les conditions de faible éclairage. Vous pouvez voir à 18 mètres dans une lumière faible comme vous verriez avec une lumière vive, et dans le noir comme vous verriez avec une lumière faible. Dans le noir, vous ne discernez pas les couleurs, uniquement des nuances de gris.</p>\n<p><em><strong>Menaçant.</strong></em> Vous gagnez la maîtrise de la compétence Intimidation.</p>\n<p><em><strong>Endurance implacable.</strong></em> @Compendium[dnd5e.races.97c8i9Z28thvZuA8]{Endurance implacable} Lorsque vous tombez à 0 point de vie, mais que vous n'êtes pas tué sur le coup, vous pouvez passer à 1 point de vie à la place. Vous devez terminer un repos long avant de pouvoir utiliser cette capacité de nouveau.</p>\n<p><em><strong>Attaques sauvages.</strong></em> Lorsque vous réalisez un coup critique lors d'une attaque au corps à corps avec une arme, vous pouvez jeter l'un des dés de dégâts de l'arme une deuxième fois et l'ajouter aux dégâts supplémentaires du coup critique.</p>\n<p><em><strong>Langues.</strong></em> Vous pouvez parler, lire et écrire le commun et l'orque. L'orque est une langue rude et grinçante qui utilise beaucoup de consonnes dures. Elle ne possède pas d'alphabet propre, et lorsque quelqu'un veut écrire quelque chose en orque, il utilise l'alphabet nain."
    },
    "Halfling Nimbleness": {
      "name": "Agilité halfeline",
      "description": "<p>Vous pouvez passer dans l'espace de toute créature d'une taille supérieure à la vôtre.</p>"
    },
    "Hellish Resistance": {
      "name": "Résistance infernale",
      "description": "<p>Vous avez la résistance aux dégâts de feu.</p>"
    },
    "High Elf": {
      "name": "Haut-elfe",
      "description": "En tant que haut-elfe, vous avez l'esprit vif et connaissez les rudiments de la magie. Notez qu'il existe deux sortes de hauts-elfes. Les premiers (les elfes du soleil) sont hautains et solitaires, se pensant supérieurs aux non-elfes et même aux autres elfes. Les seconds (les elfes de la lune), plus communs et plus conviviaux, sont souvent rencontrés chez les humains et les autres races. Les elfes du soleil ont la peau de couleur bronze et les cheveux de couleur cuivre, noir ou or. Leurs yeux sont de couleur or, d'argent ou noir. Les elfes de la lune sont beaucoup plus pâles. Ils ont souvent les cheveux blanc-argenté, noir ou bleu, mais diverses nuances de blond, brun et roux ne sont pas rares. Leurs yeux sont bleus ou verts et mouchetés d'or.</p>\n<p><em><strong>Augmentation de caractéristiques.</strong></em> Votre Intelligence augmente de 1.</p>\n<p><em><strong>Entraînement aux armes elfiques.</strong></em> Vous obtenez la maîtrise des épées (longues et courtes) et des arcs (longs et courts).</p>\n<p><em><strong>Sort mineur.</strong></em> Vous connaissez un sort mineur de votre choix parmi la liste des sorts mineurs de magicien. L'Intelligence est votre caractéristique d'incantation pour ce sort.</p>\n<p><em><strong>Langue supplémentaire.</strong></em> Vous parlez, lisez et écrivez une langue supplémentaire de votre choix.is les halfelins sont réticents à la partager avec d'autres. Ils écrivent très peu, et par conséquent ne possèdent pas un riche corpus de littérature. Leur tradition orale, cependant, est très forte. Presque tous les halfelins parlent le commun pour converser avec les gens qui partagent les terres qu'ils habitent ou sur lesquelles ils voyagent."
    },
    "Hill Dwarf": {
      "name": "Nain des collines",
      "description": "<p><em>Votre personnage nain possède diverses capacités innées qui sont le reflet de la nature profonde du peuple nain.</em></p><p><strong>Augmentation de caractéristique.</strong> Votre valeur de Constitution augmente de 2.</p><p><strong>Âge.</strong> Les nains, qui se développent au même rythme que les humains, sont considérés comme jeunes jusqu’à l’âge de 50 ans. Ils vivent en moyenne 350 ans.</p><p><strong>Alignement.</strong> La plupart des nains sont loyaux, convaincus des bienfaits d’une société structurée. Ils sont également enclins au bien et croient à l’équité comme au droit de chacun à profiter des bénéfices d’un ordre juste.</p><p><strong>Catégorie de taille.</strong> Les nains mesurent entre 1,20 m et 1,50 m, pour un poids moyen d’environ 70 kg. Vous êtes de taille M.</p><p><strong>Vitesse.</strong> Votre vitesse de base au sol est de 7,50 m. Votre vitesse n’est pas réduite par le port d’une armure lourde.</p><p><strong>Vision dans le noir.</strong> Habitué à vivre sous terre, vous disposez d’une vision supérieure dans l’obscurité et la pénombre. Dans un rayon de 18 m, vous voyez en conditions de lumière faible comme si la lumière était vive, et dans les ténèbres comme sous une lumière faible. Vous ne discernez pas les couleurs dans les ténèbres, mais percevez des nuances de gris.</p><p><strong>Résistance naine.</strong> Vous êtes avantagé aux jets de sauvegarde contre le poison et bénéficiez de la résistance aux dégâts de poison.</p><p><strong>Entraînement martial nain.</strong> Vous avez la maîtrise de la hache d’armes, de la hachette, du marteau léger et du marteau de guerre.</p><p><strong>Maîtrise d’outils.</strong> Vous recevez la maîtrise des outils d’artisan de votre choix parmi : outils de forgeron, matériel de brasseur, outils de maçon.</p><p><strong>Connaissance de la pierre.</strong> Chaque fois que vous effectuez un test d’Intelligence (Histoire) lié aux origines d’un travail de maçonnerie, on considère que vous avez la maîtrise de la compétence Histoire et vous appliquez le double de votre bonus de maîtrise au test, au lieu du simple bonus.</p><p><strong>Langues.</strong> Vous parlez, lisez et écrivez le commun et le nain. Le nain est une langue gutturale et percussive, ce qui se retrouve dans l’accent des nains, quel que soit l’idiome parlé.</p><h5>Nain des collines</h5><p>Nain des collines, vous êtes doté de sens aiguisés, d’une grande sagacité et d’une robustesse remarquable.</p><p><strong>Augmentation de caractéristique.</strong> Votre valeur de Sagesse augmente de 1.</p><p><strong>Ténacité naine.</strong> Votre maximum de points de vie augmente de 1, et augmente encore de 1 chaque fois que vous gagnez un niveau</p><section class=\"secret\" id=\"secret-bkbaaEWqAGbU8ZgK\"><p><strong>Note Foundry</strong></p><p>La robustesse naine doit être configurée en ajoutant 1 au bonus \"Par niveau\" dans la configuration des points de vie sur votre feuille de personnage (accessible en utilisant l'engrenage à côté des points de vie de votre personnage).</p></section>"
    },
    "Human": {
      "name": "Humain",
      "description": "<p>S’il est difficile de faire entrer tous les humains dans le même moule, votre personnage humain possède les traits suivants.</p><p><em><strong>Augmentation de caractéristique.</strong></em> Chacune de vos valeurs de caractéristique augmente de 1.</p><p><em><strong>Âge.</strong></em> Les humains atteignent l’âge adulte à l’approche de la vingtaine et vivent moins d’un siècle.</p><p><em><strong>Alignement.</strong></em> Les humains ne sont pas plus enclins à un alignement qu’à un autre. Ils sont capables du meilleur comme du pire.</p><p><em><strong>Catégorie de taille.</strong></em> Les humains affichent des mensurations très variées, leur taille allant du mètre cinquante à bien plus d’un mètre quatre-vingts. Où que vous vous situiez dans cet intervalle, vous êtes de taille M.</p><p><em><strong>Vitesse.</strong></em> Votre vitesse de base au sol est de 9 m.</p><p><em><strong>Langues.</strong></em> Vous parlez, lisez et écrivez le commun et une langue supplémentaire de votre choix. Les humains apprennent généralement la langue des peuples qu’ils côtoient le plus, qui peut être un dialecte obscur. Ils adorent émailler leur discours de mots empruntés à d’autres langues : jurons orcs, termes musicaux elfiques, formules militaires naines, etc</p>"
    },
    "Infernal Legacy": {
      "name": "Ascendance infernale",
      "description": "<p>Vous connaissez le sort mineur @UUID[Compendium.dnd5e.spells.Item.MUO1uYN7JR1hm4dR]{Thaumaturgie}.</p>\n<p>Lorsque vous atteignez le niveau 3, vous pouvez lancer une fois le sort @UUID[Compendium.dnd5e.spells.Item.22dPoeXfaaAv4K3h]{Représailles infernales} en tant que sort de 2e niveau par l’intermédiaire de ce trait et vous récupérez cette faculté en terminant un repos long.</p>\n<p>Lorsque vous atteignez le niveau 5, vous pouvez lancer le sort @UUID[Compendium.dnd5e.spells.Item.S7VbUetIfVT7B6Eq]{Ténèbres} une fois par l’intermédiaire de ce trait et récupérez cette faculté en terminant un repos long. Le Charisme est la caractéristique d’incantation pour ces sorts.</p>"
    },
    "Lightfoot Halfling": {
      "name": "Halfelin pied-léger",
      "description": "En tant que halfelin pied-léger, vous pouvez facilement vous cacher, en utilisant même d'autres personnes comme abri. Vous avez tendance à être affable et à bien vous entendre avec les autres. Les halfelins pied-léger sont ceux qui ont le plus migré et sont donc la sous-race la plus commune. Ils sont les plus enclins à voyager de tous les halfelins, et vivent souvent avec d'autres races ou embrassent une vie de nomade.</p>\n<p><em><strong>Augmentation de caractéristiques.</strong></em> Votre Charisme augmente de 1.</p>\n<p><em><strong>Discrétion naturelle.</strong></em> @Compendium[dnd5e.races.GWPjKFeIthBBeCFJ]{Discrétion naturelle} Vous pouvez tenter de vous cacher si vous vous trouvez derrière une créature d'une taille supérieure à la vôtre.dnd5e.races.GWPjKFeIthBBeCFJ]{Naturally Stealthy} You can attempt to hide even when you are obscured only by a creature that is at least one size larger than you.</p>"
    },
    "Lucky": {
      "name": "Chanceux",
      "description": "<p>Lorsque vous obtenez un 1 au dé d'un jet d'attaque, de caractéristique ou de sauvegarde, vous pouvez relancer le dé et devez alors utiliser ce nouveau résultat.</p>\n<p><em><strong>Foundry Note:</strong>&nbsp;Activer cette option dans les traits spéciaux de la feuille de personnage</em></p>"
    },
    "Naturally Stealthy": {
      "name": "Discrétion naturelle",
      "description": "<p> Vous pouvez tenter de vous cacher si vous vous trouvez derrière une créature d'une taille supérieure à la vôtre.</p>"
    },
    "Relentless Endurance": {
      "name": "Endurance implacable",
      "description": "<p>Lorsque vous tombez à 0 point de vie, mais que vous n'êtes pas tué sur le coup, vous pouvez passer à 1 point de vie à la place. Vous devez terminer un repos long avant de pouvoir utiliser cette capacité de nouveau.</p>"
    },
    "Rock Gnome": {
      "name": "Gnome des roches",
      "description": "Les gnomes des roches établissent leurs communautés dans les collines et les montagnes, là où ils peuvent avoir accès aux matériaux dont ils ont besoin pour construire et bricoler. Ces maîtres artisans sont inégalés lorsqu'on parle de tailler des gemmes ou de mécanique et autres merveilles technologiques. Leurs réalisations sont recherchées dans le monde entier.</p>\n<p><em><strong>Augmentation de caractéristiques.</strong></em> Votre Constitution augmente de 1.</p>\n<p><em><strong>Connaissance en ingénierie.</strong></em> Compendium[dnd5e.races.OQA1sHxKnSJq01dL]{Connaissance en ingénierie} Chaque fois que vous effectuez un jet d'Intelligence (Histoire) en relation avec l'alchimie, des objets magiques ou des dispositifs technologiques, ajoutez le double de votre bonus de maîtrise au jet, au lieu du bonus de maîtrise normal.</p>\n<p><em><strong>Bricoleur.</strong></em> @Compendium[dnd5e.races.koRPOLtj8XAFMwnW]{Bricoleur}  Vous maîtrisez les outils de bricoleur. En utilisant ces outils, vous pouvez passer 1 heure et dépenser pour 10 po de matériaux pour construire un mécanisme de taille TP, de CA 5 et 1 pv. Le dispositif cesse de fonctionner après 24 heures (sauf si vous passez 1 heure à le réparer) ou si vous utilisez une action pour le démonter ; à ce moment, vous pouvez récupérer les matériaux que vous avez utilisés pour le créer. Vous pouvez avoir jusqu'à trois de ces dispositifs actifs à la fois. Lorsque vous créez un mécanisme, choisissez l'une des options suivantes :</p>\n<p><em><strong> - Allume feu.</strong></em> Le mécanisme produit une toute petite flamme qui peut être utilisée pour allumer une bougie ou une torche au prix d'une action.</p>\n<p><em><strong> - Boîte à musique.</strong></em> Lorsqu'on l'ouvre, la boîte reproduit une chanson (toujours la même) à un volume modéré jusqu'à la fin du morceau ou avant si la boîte est refermée.</p>\n<p><em><strong> - Jouet mécanique.</strong></em> Le jouet représente un animal ou une personne, comme une grenouille, une souris, un oiseau ou un soldat, sur des roulettes. Lorsqu'il est placé sur le sol, il se déplace de 1,50 mètre chaque tour dans une direction aléatoire et fait des bruits en fonction de la créature qu'il représente."
    },
    "Savage Attacks": {
      "name": "Attaques sauvages",
      "description": "<p>Lorsque vous réalisez un coup critique lors d'une attaque au corps à corps avec une arme, vous pouvez jeter l'un des dés de dégâts de l'arme une deuxième fois et l'ajouter aux dégâts supplémentaires du coup critique.</p>\n<p><em><strong>Foundry Note:</strong>Activer cette option dans les traits spéciaux de la feuille de personnage.</em></p>"
    },
    "Stonecunning": {
      "name": "Connaissance de la pierre",
      "description": "<p>Chaque fois que vous effectuez un jet d'Intelligence (Histoire) en relation avec l'origine d'un travail lié à la pierre, considérez que vous maîtrisez la compétence Histoire et ajoutez le double de votre bonus de maîtrise au jet, au lieu du bonus de maîtrise normal.</p>"
    },
    "Tiefling": {
      "name": "Tieffelin",
      "description": "<p>Les tieffelins partagent certains traits raciaux comme résultat de leur ascendance infernale.</p>\n<p><em><strong>Augmentation de caractéristiques.</strong></em> Votre Intelligence augmente de 1 et votre Charisme de 2.</p>\n<p><em><strong>Âge.</strong></em>  Les tieffelins vieillissent au même rythme que les humains, mais ont une espérance de vie un peu plus longue.</p>\n<p><em><strong>Alignement.</strong></em>  Les tieffelins n'ont pas une tendance naturelle au mal, mais beaucoup d'entre eux s'y retrouvent tout de même. Maléfiques ou non, leur nature indépendante les oriente vers les alignements chaotiques.</p>\n<p><em><strong>Taille.</strong></em>  La taille et la corpulence des tieffelins sont similaires à celles des humains. Votre taille est Moyenne (M).</p>\n<p><em><strong>Vitesse.</strong></em>  Votre vitesse de base est de 9 mètres.</p>\n<p><em><strong>Vision dans le noir.</strong></em>  Grâce à votre héritage infernal, vous avez une vision supérieure dans le noir et les conditions de faible éclairage. Vous pouvez voir à 18 mètres dans une lumière faible comme vous verriez avec une lumière vive, et dans le noir comme vous verriez avec une lumière faible. Dans le noir, vous ne discernez pas les couleurs, uniquement des nuances de gris.</p>\n<p><em><strong>Résistance infernale.</strong></em> @Compendium[dnd5e.races.q71Pe1F8RRtEJt8Q]{Résistance infernale} Vous avez la résistance aux dégâts de feu.</p>\n<p><em><strong>Ascendance infernale.</strong></em> @Compendium[dnd5e.races.wJc88B8OP1y1xzMw]{Ascendance infernale} Vous connaissez le sort mineur thaumaturgie. Quand vous atteignez le niveau 3, vous pouvez lancer le sort représailles infernales comme un sort de niveau 2 une fois avec ce trait et regagnez cette capacité lorsque vous terminez un repos long. Quand vous atteignez le niveau 5, vous pouvez lancer le sort ténèbres une fois avec ce trait et regagnez cette capacité lorsque vous terminez un repos long. Le Charisme est votre caractéristique d'incantation pour ces sorts.</p>\n<p><em><strong>Langues.</strong></em>  Vous pouvez parler, lire et écrire le commun et l'infernal."
    },
    "Tinker": {
      "name": "Bricoleur",
      "description": "Vous maîtrisez les outils de bricoleur. En utilisant ces outils, vous pouvez passer 1 heure et dépenser pour 10 po de matériaux pour construire un mécanisme de taille TP, de CA 5 et 1 pv. Le dispositif cesse de fonctionner après 24 heures (sauf si vous passez 1 heure à le réparer) ou si vous utilisez une action pour le démonter ; à ce moment, vous pouvez récupérer les matériaux que vous avez utilisés pour le créer. Vous pouvez avoir jusqu'à trois de ces dispositifs actifs à la fois. Lorsque vous créez un mécanisme, choisissez l'une des options suivantes :</p>\n<p><em><strong> - Allume feu.</strong></em> Le mécanisme produit une toute petite flamme qui peut être utilisée pour allumer une bougie ou une torche au prix d'une action.</p>\n<p><em><strong> - Boîte à musique.</strong></em> Lorsqu'on l'ouvre, la boîte reproduit une chanson (toujours la même) à un volume modéré jusqu'à la fin du morceau ou avant si la boîte est refermée.</p>\n<p><em><strong> - Jouet mécanique.</strong></em> Le jouet représente un animal ou une personne, comme une grenouille, une souris, un oiseau ou un soldat, sur des roulettes. Lorsqu'il est placé sur le sol, il se déplace de 1,50 mètre chaque tour dans une direction aléatoire et fait des bruits en fonction de la créature qu'il représente."
    },
    "Trance": {
      "name": "Trance",
      "description": "<p>Elves don't need to sleep. Instead, they meditate deeply, remaining semiconscious, for 4 hours a day. (The Common word for such meditation is \"trance.\") While meditating, you can dream after a fashion; such dreams are actually mental exercises that have become reflexive through years of practice. After resting in this way, you gain the same benefit that a human does from 8 hours of sleep.</p>"
    }
  }
}
