{
  "label": "Sous-classes (DRS)",
  "mapping": {
    "sources": {
      "path": "system.source",
      "converter": "source"
    },
    "advancement": {
      "path": "system.advancement",
      "converter": "advancement"
    }
  },
  "entries": {
    "Champion": {
      "name": "Champion",
      "description": "<p>Le champion est l’incarnation du guerrier voué tout entier à devenir un instrument de mort en exploitant à la perfection sa puissance physique. Ceux qui suivent cet archétype allient entraînement rigoureux et excellence physique afin d’asséner des coups dévastateurs.</p>"
    },
    "Circle of the Land": {
      "name": "Cercle de la Terre",
      "description": "<p>Le Cercle de la Terre réunit des mystiques et des sages chargés de perpétuer d’antiques connaissances et rites au moyen d’une tradition orale considérable. Ces druides se rassemblent dans des cercles sacrés faits d’arbres ou de menhirs pour se murmurer des secrets primitifs en langue druidique. Les membres les plus sages du cercle font office de grands prêtres dans les communautés restées fidèles à la religion des temps anciens et conseillent leurs dirigeants. En tant que membre de ce cercle, votre magie est influencée par le type de terrain sur lequel vous avez subi l’initiation à ses mystères.</p>"
    },
    "College of Lore": {
      "name": "Collège du Savoir",
      "description": "<p>Les connaissances des bardes du Collège du Savoir portent sur presque tous les sujets, les bribes de savoir qu’ils détiennent allant des manuscrits les plus savants aux contes ruraux. Qu’ils entonnent une ballade populaire dans une taverne ou interprètent une composition complexe à la cour d’un roi, ces bardes usent de leurs talents pour captiver l’auditoire. Et quand les applaudissements cessent, l’auditoire se surprend parfois à remettre en question certaines évidences, comme sa foi dans le clergé local ou sa loyauté envers le souverain du cru.</p>\n<p>La loyauté de ces bardes est tout entière vouée à la quête de la beauté et de la vérité, nullement à l’obéissance aveugle envers un monarque ou un dogme religieux. Un noble qui emploie un tel barde comme héraut ou conseiller sait que ce dernier adoptera toujours une posture plus honnête que politique.</p>\n<p>Les membres de ce collège se réunissent dans des bibliothèques et parfois dans de véritables universités, avec salles de classe et dortoirs, afin de confronter leurs connaissances. Ils se rencontrent aussi à l’occasion de festivals ou lors d’une réunion entre gens de pouvoir, où il leur est loisible de dénoncer la corruption, de démêler les mensonges et de railler ces figures d’autorité gonflées d’importance.</p>"
    },
    "Draconic Bloodline": {
      "name": "Lignée Draconique",
      "description": "<p>Votre magie innée provient de la magie draconique qui s’est mêlée à votre sang ou à celui de vos ancêtres. Le plus souvent, les ensorceleurs de cette origine peuvent remonter jusqu’à un puissant ensorceleur des temps anciens ayant conclu un pacte avec un dragon, à moins que cet ancêtre ait lui-même eu un parent dragon. Si certaines de ces lignées sont bien implantées, la plupart restent obscures. Tout ensorceleur peut fort bien être le premier d’une nouvelle lignée, à la suite d’un pacte ou de toute autre circonstance exceptionnelle.</p>"
    },
    "Hunter": {
      "name": "Chasseur",
      "description": "<p>Adopter l’archétype du chasseur, c’est accepter de devenir le rempart entre la civilisation et les terreurs issues des contrées sauvages. En arpentant la voie du chasseur, vous apprenez des techniques spéciales permettant de mieux combattre les menaces auxquelles vous faites face, qu’il s’agisse d’ogres déchaînés, de hordes d’orcs, de géants ou de terrifiants dragons.</p>"
    },
    "Life Domain": {
      "name": "Domaine de la Vie",
      "description": "<p>Le domaine de la Vie est centré sur l’énergie positive, l’une des forces fondamentales de l’univers, à l’origine de toute forme de vie. Les dieux de la Vie favorisent la vitalité et la santé en soignant les malades et les blessés, en veillant sur les indigents et en détruisant les forces de la non-vie. La grande majorité des divinités non mauvaises exercent une influence sur ce domaine, notamment les dieux et déesses agricoles (comme Chauntéa, Arawai et Déméter), les dieux du soleil (comme Lathandre, Pélor et Rê-Horakhty), les dieux de la guérison et de l’endurance (comme Ilmater, Mishakal, Apollon et Diancecht) et les dieux du foyer et de la communauté (comme Hestia, Hathor et Boldrei).</p><table><caption>Sorts du domaine de la Vie</caption><thead><tr><td>Niveau de clerc</td><td>Sorts</td></tr></thead><tbody><tr><td>1st</td><td>@UUID[Compendium.dnd5e.spells.Item.8dzaICjGy6mTUaUr]{Bénédiction}, @UUID[Compendium.dnd5e.spells.Item.uUWb1wZgtMou0TVP]{Soins}</td></tr><tr><td>3</td><td>@UUID[Compendium.dnd5e.spells.Item.JbxsYXxSOTZbf9I0]{Arme spirituelle}, @UUID[Compendium.dnd5e.spells.Item.F0GsG0SJzsIOacwV]{Restauration partielle}</td></tr><tr><td>5</td><td>@UUID[Compendium.dnd5e.spells.Item.ZU9d6woBdUP8pIPt]{Lueur d'espoir}, @UUID[Compendium.dnd5e.spells.Item.LmRHHMtplpxr9fX6]{Retour à la vie}</td></tr><tr><td>7</td><td>@UUID[Compendium.dnd5e.spells.Item.TgHsuhNasPbhu8MO]{Gardien de la foi}, @UUID[Compendium.dnd5e.spells.Item.VtCXMdyM6mAdIJZb]{Protection contre la mort}</td></tr><tr><td>9</td><td>@UUID[Compendium.dnd5e.spells.Item.AGFMPAmuzwWO6Dfz]{Rappel à la vie}, @UUID[Compendium.dnd5e.spells.Item.Pyzmm8R7rVsNAPsd]{Soins de groupe}</td></tr></tbody></table>"
    },
    "Oath of Devotion": {
      "name": "Serment de Dévotion",
      "description": "<p>Le Serment de Dévotion lie un paladin aux idéaux les plus élevés de justice, de vertu et d’ordre. Parfois appelés cavaliers, chevaliers blancs ou guerriers saints, ces paladins sont l’incarnation du chevalier en armure étincelante, agissant avec honneur au nom de la justice et du bien commun. Ils respectent un code de conduite des plus rigoureux et certains, pour le meilleur ou le pire, imposent au reste du monde cette même rigueur. Beaucoup de ceux qui prêtent ce serment sont les fidèles serviteurs d’une divinité loyale bonne et mesurent leur propre dévotion à l’aune des préceptes de ce dieu. Considérant les anges, parfaits serviteurs du bien, comme un idéal vers lequel tendre, il n’est pas rare qu’ils parent leur heaume ou leurs armoiries d’ailes angéliques. </p><h4>Préceptes de dévotion</h4><p>Si les termes exacts et les restrictions varient d’un serment de dévotion à l’autre, tous les paladins ayant prononcé ce serment partagent les préceptes ci-dessous.</p><p><strong>Honnêteté.</strong> Ne jamais mentir ni tricher. Que ma parole ait toujours valeur de promesse.</p><p><strong>Courage.</strong> Ne jamais avoir peur d’agir, même s’il est sage de se montrer prudent.</p><p><strong>Compassion.</strong> Aider son prochain, protéger les faibles et châtier ceux qui les menacent. Faire preuve de miséricorde envers l’ennemi si telle est la voie de la sagesse.</p><p><strong>Honneur.</strong> Traiter autrui avec équité et faire en sorte que ses propres actes honorables soient un exemple. Faire le plus de bien possible en causant le moins de mal.</p><p><strong>Devoir.</strong> Se tenir responsable de ses actes et de leurs conséquences, veiller sur mes subalternes et obéir à ceux qui exercent une juste autorité sur moi.</p><h4>Sorts de serment</h4><p>Vous recevez des sorts de serment aux niveaux de paladin indiqués.</p><table><caption>Sorts du Serment de Dévotion</caption><thead><tr><td>Niveau de paladin</td><td>Sorts</td></tr></thead><tbody><tr><td>3</td><td>@UUID[Compendium.dnd5e.spells.Item.xmDBqZhRVrtLP8h2]{Protection contre le mal et le bien}, @UUID[Compendium.dnd5e.spells.Item.gvdA9nPuWLck4tBl]{Sanctuaire}</td></tr><tr><td>5</td><td>@UUID[Compendium.dnd5e.spells.Item.F0GsG0SJzsIOacwV]{Restauration partielle}, @UUID[Compendium.dnd5e.spells.Item.CylBa7jR8DSbo8Z3]{Zone de vérité}</td></tr><tr><td>9</td><td>@UUID[Compendium.dnd5e.spells.Item.15Fa6q1nH27XfbR8]{Dissipation de la magie}, @UUID[Compendium.dnd5e.spells.Item.ZU9d6woBdUP8pIPt]{Lueur d'espoir}</td></tr><tr><td>13</td><td>@UUID[Compendium.dnd5e.spells.Item.TgHsuhNasPbhu8MO]{Gardien de la foi}, @UUID[Compendium.dnd5e.spells.Item.da0a1t2FqaTjRZGT]{Liberté de mouvement}</td></tr><tr><td>17</td><td>@UUID[Compendium.dnd5e.spells.Item.5e1xTohkzqFqbYH4]{Colonne de flamme}, @UUID[Compendium.dnd5e.spells.Item.d54VDyFulD9xxY7J]{Communion}</td></tr></tbody></table>"
    },
    "Path of the Berserker": {
      "name": "Voie du Berserker",
      "description": "<p>Pour certains barbares, la rage est un moyen de parvenir à une fin… et cette fin est la violence. La voie du berserker est un chemin pavé de fureur débridée et poisseux de sang. Quand vous entrez dans la rage du berserker, tout à l’ivresse de la bataille, vous faites fi de votre santé comme de votre bien-être.</p>"
    },
    "School of Evocation": {
      "name": "École de l'Évocation",
      "description": "<p>Vos études magiques ont essentiellement porté sur les effets élémentaires les plus intenses, comme le gel le plus froid, les flammes les plus torrides, le tonnerre rugissant, les crépitements de la foudre et les corrosions de l’acide. Certains évocateurs œuvrent au service d’armées comme artilleurs spécialisés. D’autres mettent ces pouvoirs spectaculaires au service de la protection des opprimés tandis que certains, motivés par l’appât du gain, embrassent la carrière de bandit, d’aventurier ou d’apprenti tyran.</p>"
    },
    "The Fiend": {
      "name": "Le Fiélon",
      "description": "<p>Vous avez conclu un pacte avec un fiélon des Plans Inférieurs, une entité tout entière vouée au mal, quand bien même vous auriez des objectifs radicalement opposés. De tels êtres sont mus par la soif de corrompre ou détruire toute forme de vie, vous y compris. Parmi les fiélons assez puissants pour conclure un tel pacte, citons des seigneurs démons tels Démogorgon, Orcus, Fraz’Urb-luu ou Baphomet ; des archidiables comme Asmodée, Dispater, Méphistophélès ou Bélial ; les plus puissants des diantrefosses et des balors ; les ultroloths et autres seigneurs des yugoloths.</p><h4>Liste de sorts étendue</h4><p>Le Fiélon vous permet de choisir dans une liste de sorts étendue lorsque vous apprenez un sort d’occultiste. Les sorts suivants s’ajoutent à la liste des sorts d’occultiste dans votre cas.</p><table><caption>Sorts étendus du Fiélon</caption><thead><tr><td>Niveau de sort</td><td>Sorts</td></tr></thead><tbody><tr><td>1</td><td>@UUID[Compendium.dnd5e.spells.Item.arzCrMRgcNiQuh43]{Injonction}, @UUID[Compendium.dnd5e.spells.Item.5SuJewoa1CRWaj1F]{Main brûlante}</td></tr><tr><td>2</td><td>@UUID[Compendium.dnd5e.spells.Item.zwGsAv6kmwzYGhh3]{Cécité/Surdité}, @UUID[Compendium.dnd5e.spells.Item.7u2obDvuvtZBkTfq]{Rayon ardent}</td></tr><tr><td>3</td><td>@UUID[Compendium.dnd5e.spells.Item.ztgcdrWPshKRpFd0]{Boule de feu}, @UUID[Compendium.dnd5e.spells.Item.TwlD4PLcltv7Xh7j]{Nuage nauséabond}</td></tr><tr><td>4</td><td>@UUID[Compendium.dnd5e.spells.Item.avD5XUtkBPQQR97c]{Bouclier de feu}, @UUID[Compendium.dnd5e.spells.Item.X3DrXgxjwI2dvkD6]{Mur de feu}</td></tr><tr><td>5</td><td>@UUID[Compendium.dnd5e.spells.Item.5e1xTohkzqFqbYH4]{Colonne de flamme}, @UUID[Compendium.dnd5e.spells.Item.SLxA9QhrggTz0taU]{Sanctification}</td></tr></tbody></table>"
    },
    "Thief": {
      "name": "Voleur",
      "description": "<p>Votre savoir-faire s’oriente en premier lieu vers le larcin. Cambrioleurs, brigands, voleurs à la tire et autres criminels optent généralement pour cet archétype, ainsi que les roublards qui se voient plutôt comme des chasseurs de trésor professionnels, des explorateurs tout-terrain ou des enquêteurs. En plus de mettre l’accent sur l’agilité et la discrétion, vous apprenez des compétences utiles pour explorer les ruines oubliées, lire les langues exotiques et utiliser des objets magiques dont l’emploi vous serait interdit en temps normal.</p>"
    },
    "Way of the Open Hand": {
      "name": "Voie de la Paume",
      "description": "<p>Les moines de la Voie de la Paume sont les maîtres incontestés des arts martiaux, qu’il s’agisse de combat armé ou non. Ils apprennent les techniques permettant de pousser et faire trébucher l’adversaire, emploient le ki à soigner les dégâts corporels et pratiquent une méditation avancée qui peut les protéger du mal.</p>"
    }
  }
}
