{
  "id": "dnd5e-traduction-full",
  "title": "dnd5e - traduction full",
  "manifest": "https://github.com/wirgeen/dnd5e-traduction-full/releases/download/1.0.0/module.json",
  "download": "",
  "version": "1.0.0",
  "compatibility": {
    "minimum": "12",
    "verified": "12"
  },
  "relationships": {
    "systems": [
      {
        "id": "dnd5e",
        "type": "system",
        "compatibility": {}
      }
    ],
    "recommends": [
      {
        "id": "babele",
        "type": "module",
        "compatibility": {}
      }
    ]
  },
  "authors": [
    {
      "name": "wirgeen",
      "flags": {}
    }
  ],
  "esmodules" : [
    "dnd5e-traduction-full.js",
    "babele-register.js"
  ],
  "languages": [
    {
        "lang": "fr",
        "name": "Français",
        "path": "fr.json"
    }
  ]
}