{
  "label": "Scenes",
  "folders": {
    "Encounter Maps": "Encounter Maps",
    "Greyhawk": "Greyhawk",
    "Greyhawk and Environs": "Greyhawk and Environs",
    "Greyhawk World": "Greyhawk World"
  },
  "entries": {
    "Barrow Crypt": {
      "name": "Barrow Crypt"
    },
    "Caravan Encampment": {
      "name": "Caravan Encampment"
    },
    "Crossroads Village": {
      "name": "Crossroads Village"
    },
    "Dragon's Lair": {
      "name": "Dragon's Lair"
    },
    "Dungeon Hideout": {
      "name": "Dungeon Hideout"
    },
    "Farmstead": {
      "name": "Farmstead"
    },
    "Greyhawk (Blank)": {
      "name": "Greyhawk (Blank)",
      "notes": {
        "Black Dragon Inn": "Black Dragon Inn",
        "Great Library": "Great Library",
        "Silver Dragon Inn": "Silver Dragon Inn",
        "High Tower Inn": "High Tower Inn",
        "Temple of the Radiant Sun": "Temple of the Radiant Sun",
        "Temple of the Far Horizon": "Temple of the Far Horizon",
        "Unearthed Arcana": "Unearthed Arcana",
        "Grand Citadel": "Grand Citadel"
      }
    },
    "Greyhawk (Labeled)": {
      "name": "Greyhawk (Labeled)",
      "notes": {
        "Black Dragon Inn": "Black Dragon Inn",
        "Great Library": "Great Library",
        "Silver Dragon Inn": "Silver Dragon Inn",
        "High Tower Inn": "High Tower Inn",
        "Temple of the Radiant Sun": "Temple of the Radiant Sun",
        "Temple of the Far Horizon": "Temple of the Far Horizon",
        "Unearthed Arcana": "Unearthed Arcana",
        "Grand Citadel": "Grand Citadel"
      }
    },
    "Greyhawk (Sites Only)": {
      "name": "Greyhawk (Sites Only)",
      "notes": {
        "Black Dragon Inn": "Black Dragon Inn",
        "Great Library": "Great Library",
        "Silver Dragon Inn": "Silver Dragon Inn",
        "High Tower Inn": "High Tower Inn",
        "Temple of the Radiant Sun": "Temple of the Radiant Sun",
        "Temple of the Far Horizon": "Temple of the Far Horizon",
        "Unearthed Arcana": "Unearthed Arcana",
        "Grand Citadel": "Grand Citadel"
      }
    },
    "Greyhawk World (Blank)": {
      "name": "Greyhawk World (Blank)"
    },
    "Greyhawk World (Labeled)": {
      "name": "Greyhawk World (Labeled)"
    },
    "Greyhawk and Environs (Blank)": {
      "name": "Greyhawk and Environs (Blank)",
      "notes": {
        "Cairn Hills": "Cairn Hills",
        "Midbay": "Midbay",
        "Nyr Dyv": "Nyr Dyv",
        "Great South Peninsula": "Great South Peninsula",
        "Mistmarsh": "Mistmarsh",
        "Plain of Greyhawk": "Plain of Greyhawk"
      }
    },
    "Greyhawk and Environs (Labeled)": {
      "name": "Greyhawk and Environs (Labeled)"
    },
    "Greyhawk and Environs (Major Locations No Paths)": {
      "name": "Greyhawk and Environs (Major Locations No Paths)"
    },
    "Greyhawk and Environs (Major Locations with Paths)": {
      "name": "Greyhawk and Environs (Major Locations with Paths)"
    },
    "Keep": {
      "name": "Keep"
    },
    "Manor": {
      "name": "Manor"
    },
    "Mine": {
      "name": "Mine"
    },
    "Roadside Inn": {
      "name": "Roadside Inn"
    },
    "Ship": {
      "name": "Ship"
    },
    "Spooky House": {
      "name": "Spooky House"
    },
    "Underdark Warren": {
      "name": "Underdark Warren"
    },
    "Volcanic Caves": {
      "name": "Volcanic Caves"
    },
    "Wizards Tower": {
      "name": "Wizards Tower"
    }
  }
}
