{
	"label": "Dons",
	"folders": {
		"Epic Boon Feats": "Dons de Grâce Épique",
		"Fighting Style Feats": "Dons de Style de Combat",
		"General Feats": "Dons Généraux",
		"Origin Feats": "Dons d'Origine"
	},
	"entries": {
		"Ability Score Improvement": {
			"name": "Amélioration des Scores de Caractéristiques",
			"description": "<p><em>Don Général (Prérequis : Niveau 4+)</em></p><p>Augmentez un score de caractéristique de votre choix de 2, ou augmentez deux scores de caractéristiques de votre choix de 1. Ce don ne peut pas augmenter un score de caractéristique au-delà de 20.</p><p><strong>Répétable.</strong> Vous pouvez prendre ce don plusieurs fois.</p>"
		},
		"Actor": {
			"name": "Acteur",
			"description": "<p>Vous gagnez les avantages suivants.</p><p><strong>Augmentation de Caractéristique.</strong> Augmentez votre score de Charisme de 1, jusqu'à un maximum de 20.</p><p><strong>Imitation.</strong> Lorsque vous êtes déguisé en une personne réelle ou fictive, vous avez l'Avantage sur les tests de Charisme (Tromperie ou Représentation) pour convaincre les autres que vous êtes cette personne.</p><p><strong>Mimétisme.</strong> Vous pouvez imiter les sons d'autres créatures, y compris la parole. Une créature qui entend l'imitation doit réussir un test de Sagesse (Perspicacité) pour déterminer que l'effet est simulé (DD 8 plus votre modificateur de Charisme et votre Bonus de Maîtrise).</p><section class=\"secret\" id=\"secret-tOhwF8l7gqyVJOOB\"><p><strong>Note de Foundry</strong></p><p>L'activité <strong>Mimétisme</strong> inclut un test avec le DD correct.</p><p>Ce don n'automatise pas l'Avantage sur les tests.</p></section>"
		},
		"Alert": {
			"name": "Alerte",
			"description": "<p>Vous gagnez les avantages suivants.</p><p><strong>Maîtrise de l'Initiative.</strong> Lorsque vous lancez l'Initiative, vous pouvez ajouter votre Bonus de Maîtrise au jet.</p><p><strong>Échange d'Initiative.</strong> Immédiatement après avoir lancé l'Initiative, vous pouvez échanger votre Initiative avec celle d'un allié consentant dans le même combat. Vous ne pouvez pas effectuer cet échange si vous ou l'allié avez la condition &amp;Reference[Incapacitated]{Incapacités}.</p><section id=\"secret-yzfXk3D5M1jv9ixH\" class=\"secret\"><p><strong>Note de Foundry</strong></p><p>Cette capacité inclut automatiquement le bonus à votre Initiative.</p></section>"
		},
		"Archery": {
			"name": "Tir à l'Arc",
			"description": "<p><em>(Prérequis : Style de Combat)</em></p><p>Vous gagnez un bonus de +2 aux jets d'attaque que vous effectuez avec des armes à distance.</p><section id=\"secret-n13Z6zR2u0CiIA7D\" class=\"secret\"><p><strong>Note de Foundry</strong></p><p>Cette capacité inclut un Effet Actif qui ajoute le bonus aux jets d'attaque des armes à distance.</p></section>"
		},
		"Athlete": {
			"name": "Athlète",
			"description": "<p>Vous gagnez les avantages suivants.</p><p><strong>Augmentation de Caractéristique.</strong> Augmentez votre score de Force ou de Dextérité de 1, jusqu'à un maximum de 20.</p><p><strong>Vitesse d'Escalade.</strong> Vous gagnez une vitesse d'escalade égale à votre Vitesse.</p><p><strong>Redressement.</strong> Lorsque vous êtes en position &amp;Reference[Prone]{Couchée}, vous pouvez vous redresser en utilisant seulement 1,5 mètre de mouvement.</p><p><strong>Saut.</strong> Vous pouvez effectuer un &amp;Reference[Long Jump]{Saut en Longueur} ou un &amp;Reference[High Jump]{Saut en Hauteur} en course après seulement 1,5 mètre de déplacement.</p><section id=\"secret-HwMnjjLPfn97FUqL\" class=\"secret\"><p><strong>Note de Foundry</strong></p><p>Ce don n'automatise pas les effets. Vous pouvez ajouter votre Vitesse d'Escalade en activant le mode \"Édition\" de votre fiche et en cliquant sur l'icône \"Engrenage\" au-dessus de \"Marche\" (juste au-dessus de votre barre de Points de Vie).</p></section>"
		},
		"Blessed Warrior": {
			"name": "Guerrier Béni",
			"description": "<p>Vous apprenez deux &amp;UUID[Compendium.dnd-players-handbook.content.JournalEntry.phbSpells0000000.JournalEntryPage.SkHptN2PTzFGDaEj#cantrip]{Sorts mineur de Clerc} de votre choix. <em>&amp;UUID[Compendium.dnd-players-handbook.spells.Item.phbsplGuidance00]{Guidance}</em> et <em>&amp;UUID[Compendium.dnd-players-handbook.spells.Item.phbsplSacredFlam]{Sacred Flame}</em> sont recommandés. Les Sorts mineur choisis comptent comme des sorts de Paladin pour vous, et votre Charisme est votre capacité de lancement de sorts pour eux. Chaque fois que vous gagnez un niveau de Paladin, vous pouvez remplacer l'un de ces Sorts mineur par un autre Sort mineur de Clerc.</p>"
		},
		"Blind Fighting": {
			"name": "Combat à l'Aveugle",
			"description": "<p><em>(Prérequis : Style de Combat)</em></p><p>Vous avez la Vision Aveugle avec une portée de 3 mètres.</p><section id=\"secret-eG5EudF8gmfHBBul\" class=\"secret\"><p><strong>Note de Foundry</strong></p><p>Cette capacité inclut un Effet Actif qui accorde la Vision Aveugle.</p></section>"
		},
		"Boon of Combat Prowess": {
			"name": "Don de Maîtrise au Combat",
			"description": "<p>Vous gagnez les avantages suivants.</p><p><strong>Augmentation de Caractéristique.</strong> Augmentez un score de caractéristique de votre choix de 1, jusqu'à un maximum de 30.</p><p><strong>Visée Imparable.</strong> Lorsque vous manquez une attaque, vous pouvez toucher à la place. Une fois que vous utilisez cet avantage, vous ne pouvez plus l'utiliser avant le début de votre prochain tour.</p>"
		},
		"Boon of Dimensional Travel": {
			"name": "Don de Voyage Dimensionnel",
			"description": "<p>Vous gagnez les avantages suivants.</p><p><strong>Augmentation de Caractéristique.</strong> Augmentez un score de caractéristique de votre choix de 1, jusqu'à un maximum de 30.</p><p><strong>Pas Dimensionnels.</strong> Immédiatement après avoir pris l'action Attaque ou l'action Magique, vous pouvez vous téléporter jusqu'à 9 mètres vers un espace inoccupé que vous pouvez voir.</p>"
		},
		"Boon of Energy Resistance": {
			"name": "Don de Résistance à l'Énergie",
			"description": "<p>Vous gagnez les avantages suivants.</p><p><strong>Augmentation de Caractéristique.</strong> Augmentez un score de caractéristique de votre choix de 1, jusqu'à un maximum de 30.</p><p><strong>Résistances aux Énergies.</strong> Vous gagnez la Résistance à deux des types de dégâts suivants de votre choix : Acide, Froid, Feu, Foudre, Nécrotique, Poison, Psychique, Radiant ou Tonnerre. À chaque repos long, vous pouvez changer vos choix.</p><p><strong>Redirection de l'Énergie.</strong> Lorsque vous subissez des dégâts de l'un des types choisis pour l'avantage Résistances aux Énergies, vous pouvez utiliser une Réaction pour rediriger des dégâts du même type vers une autre créature que vous pouvez voir à 18 mètres de vous, sans être derrière une &amp;Reference[Total Cover]{Couverture Totale}. Cette créature doit réussir un jet de sauvegarde de Dextérité (DD 8 plus votre modificateur de Constitution et votre Bonus de Maîtrise) ou subir des dégâts égaux à 2d12 plus votre modificateur de Constitution.</p><section class=\"secret\" id=\"secret-YvvZOk14Rk8qwLgW\"><p><strong>Note de Foundry</strong></p><p>L'activité <strong>Choisir les Résistances</strong> inclut un Effet Actif pour chaque Résistance que vous pouvez appliquer à vous-même. Lorsque vous changez de résistances, assurez-vous de supprimer ou désactiver les Effets Actifs précédemment sélectionnés dans l'onglet \"Effets\" de votre fiche.</p><p>La réaction <strong>Redirection de l'Énergie</strong> inclut un jet de sauvegarde, et vous pouvez choisir le type de dégâts dans la boîte de dialogue du jet de dégâts.</p></section>"
		},
		"Boon of Fate": {
			"name": "Don de Destin",
			"description": "<p>Vous gagnez les avantages suivants.</p><p><strong>Augmentation de Caractéristique.</strong> Augmentez un score de caractéristique de votre choix de 1, jusqu'à un maximum de 30.</p><p><strong>Améliorer le Destin.</strong> Lorsqu'un test de d20 est réussi ou échoué par vous ou une autre créature à 18 mètres de vous, vous pouvez lancer 2d4 et appliquer le total lancé comme bonus ou pénalité au jet de d20. Une fois que vous utilisez cet avantage, vous ne pouvez plus l'utiliser jusqu'à ce que vous fassiez un jet d'Initiative ou terminiez un Repos Court ou Long.</p><section id=\"secret-zl5SPZXJtl1mEKOl\" class=\"secret\"><p><strong>Note de Foundry</strong></p><p>L'activité <strong>Améliorer le Destin</strong> inclut un jet et restaure automatiquement un usage après un Repos Court ou Long. Cela ne se réinitialise pas automatiquement après un jet d'Initiative.</p></section>"
		},
		"Boon of Fortitude": {
			"name": "Don de Fortitude",
			"description": "<p>Vous gagnez les avantages suivants.</p><p><strong>Augmentation de Caractéristique.</strong> Augmentez un score de caractéristique de votre choix de 1, jusqu'à un maximum de 30.</p><p><strong>Santé Fortifiée.</strong> Votre maximum de Points de Vie augmente de 40. De plus, chaque fois que vous regagnez des Points de Vie, vous pouvez regagner des Points de Vie supplémentaires égaux à votre modificateur de Constitution (actuellement [[lookup @abilities.con.mod]]). Une fois que vous avez regagné ces Points de Vie supplémentaires, vous ne pouvez plus le faire avant le début de votre prochain tour.</p><section id=\"secret-JgTurTuyg5ikUyQq\" class=\"secret\"><p><strong>Note de Foundry</strong></p><p>Ce don inclut un Effet Actif qui appliquera automatiquement le bonus à votre maximum de Points de Vie.</p><p>L'activité <strong>Fortifier la Santé</strong> inclut les soins supplémentaires.</p></section>"
		},
		"Boon of Irresistible Offense": {
			"name": "Don d'Offensive Irrésistible",
			"description": "<p>Vous gagnez les avantages suivants.</p><p><strong>Augmentation de Caractéristique.</strong> Augmentez votre score de Force ou de Dextérité de 1, jusqu'à un maximum de 30.</p><p><strong>Ignorer les Défenses.</strong> Les dégâts de type Contondant, Perforant et Tranchant que vous infligez ignorent toujours les Résistances.</p><p><strong>Coup Dévastateur.</strong> Lorsque vous obtenez un 20 sur le dé pour un jet d'attaque, vous pouvez infliger des dégâts supplémentaires à la cible égaux au score de caractéristique augmenté par ce don. Le type de ces dégâts supplémentaires est le même que celui de l'attaque.</p><section id=\"secret-B9D2nT6vBjWr9JMV\" class=\"secret\"><p><strong>Note de Foundry</strong></p><p>Les effets de ce don ne sont pas automatisés. Les dégâts supplémentaires peuvent être ajoutés dans le champ de Bonus Situationnel de la boîte de dialogue du jet de dégâts.</p></section>"
		},
		"Boon of Recovery": {
			"name": "Don de Récupération",
			"description": "<p>Vous gagnez les avantages suivants.</p><p><strong>Augmentation de Caractéristique.</strong> Augmentez un score de caractéristique de votre choix de 1, jusqu'à un maximum de 30.</p><p><strong>Dernier Recours.</strong> Lorsque vous devriez être réduit à 0 Points de Vie, vous pouvez tomber à 1 Point de Vie à la place et regagner un nombre de Points de Vie égal à la moitié de votre maximum de Points de Vie. Une fois que vous utilisez cet avantage, vous ne pouvez plus l'utiliser avant d'avoir terminé un Repos Long.</p><p><strong>Récupérer la Vitalité.</strong> Vous avez un pool de dix d10. En tant qu'Action Bonus, vous pouvez dépenser des dés du pool, lancer ces dés et regagner un nombre de Points de Vie égal au total du lancer. Vous regagnez tous les dés dépensés lorsque vous terminez un Repos Long.</p><section class=\"secret\" id=\"secret-I5DVfVmEgr5OF82Q\"><p><strong>Note de Foundry</strong></p><p>L'activité <strong>Dernier Recours</strong> a une utilisation gratuite par Repos Long et accorde la moitié de votre maximum de Points de Vie en soins.</p><p>L'activité <strong>Récupérer la Vitalité</strong> a 10 utilisations gratuites par Repos Long représentant votre pool de d10. Vous pouvez sélectionner le nombre que vous souhaitez utiliser et la formule de soins se mettra automatiquement à jour.</p></section>"
		},
		"Boon of Skill": {
			"name": "Don de Compétence",
			"description": "<p>Vous gagnez les avantages suivants.</p><p><strong>Augmentation de Caractéristique.</strong> Augmentez un score de caractéristique de votre choix de 1, jusqu'à un maximum de 30.</p><p><strong>Polyvalent.</strong> Vous gagnez la maîtrise dans toutes les compétences.</p><p><strong>Expertise.</strong> Choisissez une compétence dans laquelle vous n'avez pas d'Expertise. Vous gagnez l'Expertise dans cette compétence.</p>"
		},
		"Boon of Speed": {
			"name": "Don de Vitesse",
			"description": "<p>Vous gagnez les avantages suivants.</p><p><strong>Augmentation de Caractéristique.</strong> Augmentez un score de caractéristique de votre choix de 1, jusqu'à un maximum de 30.</p><p><strong>Artiste de l'Évasion.</strong> En tant qu'Action Bonus, vous pouvez effectuer l'action &amp;Reference[Disengage]{Désengagement}, qui met également fin à la condition Entravé.</p><p><strong>Rapidité.</strong> Votre Vitesse augmente de 9 mètres.</p><section class=\"secret\" id=\"secret-BTieKWSqXALMO8oH\"><p><strong>Note de Foundry</strong></p><p>Ce don inclut un Effet Actif qui augmente automatiquement votre Vitesse.</p></section>"
		},
		"Boon of Spell Recall": {
			"name": "Don de Rappel des Sorts",
			"description": "<p>Vous gagnez les avantages suivants.</p><p><strong>Augmentation de Caractéristique.</strong> Augmentez votre score d'Intelligence, de Sagesse ou de Charisme de 1, jusqu'à un maximum de 30.</p><p><strong>Lancer Gratuit.</strong> Chaque fois que vous lancez un sort avec un emplacement de niveau 1 à 4, lancez [[/r 1d4]]. Si le nombre obtenu est le même que le niveau de l'emplacement, l'emplacement n'est pas consommé.</p><section id=\"secret-KMAFFZCOzi6Cuemh\" class=\"secret\"><p><strong>Note de Foundry</strong></p><p>Si le nombre correspond, décochez l'option de Consommation lors de l'utilisation du sort.</p></section>"
		},
		"Boon of the Night Spirit": {
			"name": "Don de l'Esprit de la Nuit",
			"description": "<p>Vous gagnez les avantages suivants.</p><p><strong>Augmentation de Caractéristique.</strong> Augmentez un score de caractéristique de votre choix de 1, jusqu'à un maximum de 30.</p><p><strong>Fusion avec les Ombres.</strong> Lorsque vous êtes en Lumière Faible ou dans l'Obscurité, vous pouvez vous donner la condition &amp;Reference[Invisible] en tant qu'Action Bonus. La condition prend fin dès que vous effectuez une action, une Action Bonus ou une Réaction.</p><p><strong>Forme Sombre.</strong> Lorsque vous êtes en Lumière Faible ou dans l'Obscurité, vous avez Résistance à tous les dégâts sauf Psychiques et Radiants.</p><section id=\"secret-fpWHPSTNYUeGtg0w\" class=\"secret\"><p><strong>Note de Foundry</strong></p><p>L'**Effet Actif** du Don de l'Esprit de la Nuit inclut les résistances, mais doit être activé/désactivé dans l'onglet des Effets de votre feuille.</p><p>L'activité **Fusion avec les Ombres** inclut un Effet Actif qui applique la condition Invisible.</p></section>"
		},
		"Boon of Truesight": {
			"name": "Don de la Vision Vraie",
			"description": "<p>Vous gagnez les avantages suivants.</p><p><strong>Augmentation de Caractéristique.</strong> Augmentez un score de caractéristique de votre choix de 1, jusqu'à un maximum de 30.</p><p><strong>Vision Vraie.</strong> Vous avez Vision Vraie dans un rayon de 18 mètres.</p><section id=\"secret-MmPASAH8hA8METnP\" class=\"secret\"><p><strong>Note de Foundry</strong></p><p>Cette fonctionnalité inclut un Effet Actif qui vous confère Vision Vraie dans un rayon de 18 mètres.</p></section>"
		},
		"Charger": {
			"name": "Chargeur",
			"description": "<p>Vous gagnez les avantages suivants.</p><p><strong>Augmentation de Caractéristique.</strong> Augmentez votre score de Force ou de Dextérité de 1, jusqu'à un maximum de 20.</p><p><strong>Course Améliorée.</strong> Lorsque vous effectuez l'action &amp;Reference[Course], votre vitesse augmente de 3 mètres pour cette action.</p><p><strong>Attaque en Charge.</strong> Si vous vous déplacez d'au moins 3 mètres en ligne droite vers une cible juste avant de la frapper avec un jet d'attaque en mêlée dans le cadre de l'action Attaque, choisissez l'un des effets suivants : ajoutez un bonus de 1d8 au jet de dégâts de l'attaque, ou repoussez la cible jusqu'à 3 mètres si elle n'est pas plus grande qu'une taille de plus que vous. Vous pouvez utiliser cet avantage une seule fois par tour.</p><section class=\"secret\" id=\"secret-OP6Qbxc6GyD1OFcH\"><p><strong>Note de Foundry</strong></p><p>Ajoutez le 1d8 au jet de dégâts de votre attaque via le Bonus Situationnel ou utilisez l'activité **Attaque en Charge** et sélectionnez le type de dégâts dans la boîte de dialogue du jet.</p></section>"
		},
		"Chef": {
			"name": "Chef",
			"description": "<p>Vous gagnez les avantages suivants.</p><p><strong>Augmentation de Caractéristique.</strong> Augmentez votre score de Constitution ou de Sagesse de 1, jusqu'à un maximum de 20.</p><p><strong>Ustensiles de Cuisine.</strong> Vous gagnez la maîtrise des @UUID[Compendium.dnd-players-handbook.equipment.Item.phbtulCooksUtens]{Ustensiles de Cuisine} si vous ne les avez pas déjà.</p><p><strong>Repas Régénérant.</strong> Lors d'un repos court, vous pouvez cuisiner un repas spécial si vous avez les ingrédients et les Ustensiles de Cuisine. Vous pouvez préparer assez de nourriture pour un nombre de créatures égal à 4 plus votre Bonus de Maîtrise (actuellement [[4 + @prof]]). À la fin du repos, chaque créature qui mange la nourriture et dépense un ou plusieurs dés de vie pour récupérer des Points de Vie récupère 1d8 Points de Vie supplémentaires.</p><p><strong>Friandises Revigorantes.</strong> En 1 heure de travail ou après un repos long, vous pouvez préparer un nombre de friandises égal à votre Bonus de Maîtrise si vous avez les ingrédients et les Ustensiles de Cuisine. Ces friandises durent 8 heures après leur préparation. Une créature peut utiliser une Action Bonus pour manger une friandise et gagner un nombre de Points de Vie Temporaire égal à votre Bonus de Maîtrise.</p><section class=\"secret\" id=\"secret-onsn880Y02uWVh6N\"><p><strong>Note de Foundry</strong></p><p>L'activité **Repas Régénérant** inclut la guérison.</p><p>L'activité **Friandises Revigorantes** réinitialise le nombre de charges à votre Bonus de Maîtrise. Lorsque des créatures les mangent, vous pouvez utiliser l'activité **Manger Friandise** pour réduire le compte ou le gérer manuellement.</p><p>Ce don n'ajoute pas automatiquement la maîtrise des Ustensiles de Cuisine. Pour l'ajouter, activez le mode \"Modifier\" de votre feuille, et sous Compétences, cliquez sur l'icône en forme de Roue pour ajouter cette compétence.</p></section>"
		},
		"Crafter": {
			"name": "Artisan",
			"description": "<p>Vous gagnez les avantages suivants.</p><p><strong>Compétence avec des outils.</strong> Vous gagnez la maîtrise de trois outils d'artisan différents de votre choix dans la table de fabrication rapide.</p><p><strong>Réduction.</strong> Lorsque vous achetez un objet non magique, vous recevez une réduction de 20 %.</p><p><strong>Fabrication rapide.</strong> Lorsque vous terminez un repos long, vous pouvez fabriquer un équipement de la table de fabrication rapide, à condition de posséder les outils d'artisan associés à cet objet et d'être compétent avec ces outils. L'objet dure jusqu'à ce que vous terminiez un autre repos long, après quoi il se désagrège.</p><table><caption>Fabrication rapide</caption><thead><tr><td>Outils d’artisan</td><td>Équipement fabriqué</td></tr></thead><tbody><tr><td>@UUID[Compendium.dnd-players-handbook.equipment.Item.phbtulCarpenters]{Outils de charpentier}</td><td>@UUID[Compendium.dnd-players-handbook.equipment.Item.phbagLadder00000]{Échelle}, @UUID[Compendium.dnd-players-handbook.equipment.Item.phbagTorch000000]{Torche}</td></tr><tr><td>@UUID[Compendium.dnd-players-handbook.equipment.Item.phbtulLeatherwor]{Outils de travailleur du cuir}</td><td>Étui, @UUID[Compendium.dnd-players-handbook.equipment.Item.phbagPouch000000]{Bourse}</td></tr><tr><td>@UUID[Compendium.dnd-players-handbook.equipment.Item.phbtulMasonsTool]{Outils de maçon}</td><td>@UUID[Compendium.dnd-players-handbook.equipment.Item.phbagBlockandTac]{Poulie et bloc}</td></tr><tr><td>@UUID[Compendium.dnd-players-handbook.equipment.Item.phbtulPottersToo]{Outils de potier}</td><td>@UUID[Compendium.dnd-players-handbook.equipment.Item.phbagJug00000000]{Cruche}, @UUID[Compendium.dnd-players-handbook.equipment.Item.phbagLamp0000000]{Lampe}</td></tr><tr><td>@UUID[Compendium.dnd-players-handbook.equipment.Item.phbtulSmithsTool]{Outils de forgeron}</td><td>@UUID[Compendium.dnd-players-handbook.equipment.Item.phbagBallBearing]{Billes}, @UUID[Compendium.dnd-players-handbook.equipment.Item.phbagBucket00000]{Seau}, @UUID[Compendium.dnd-players-handbook.equipment.Item.phbagCaltrops000]{Chausse-trapes}, @UUID[Compendium.dnd-players-handbook.equipment.Item.phbagGrapplingHo]{Crochet de grappin}, @UUID[Compendium.dnd5e.items.Item.M8xM8BLK4tpUayEE]{Pot en fer}</td></tr><tr><td>@UUID[Compendium.dnd-players-handbook.equipment.Item.phbtulTinkersToo]{Outils de bricoleur}</td><td>@UUID[Compendium.dnd-players-handbook.equipment.Item.phbagBell0000000]{Cloche}, @UUID[Compendium.dnd-players-handbook.equipment.Item.phbagShovel00000]{Pelle}, @UUID[Compendium.dnd-players-handbook.equipment.Item.phbagTinderbox00]{Boîte d'allumettes}</td></tr><tr><td>@UUID[Compendium.dnd-players-handbook.equipment.Item.phbtulWeaversToo]{Outils de tisserand}</td><td>@UUID[Compendium.dnd-players-handbook.equipment.Item.phbagBasket00000]{Panier}, @UUID[Compendium.dnd-players-handbook.equipment.Item.phbagRope0000000]{Corde}, @UUID[Compendium.dnd-players-handbook.equipment.Item.phbagNet00000000]{Filet}, @UUID[Compendium.dnd-players-handbook.equipment.Item.phbagTent0000000]{Tente}</td></tr><tr><td>@UUID[Compendium.dnd-players-handbook.equipment.Item.phbtulWoodcarver]{Outils de sculpteur sur bois}</td><td>@UUID[Compendium.dnd-players-handbook.equipment.Item.phbwepClub000000]{Gourdin}, @UUID[Compendium.dnd-players-handbook.equipment.Item.phbwepGreatclub0]{Gros gourdin}, @UUID[Compendium.dnd-players-handbook.equipment.Item.phbwepQuartersta]{Bâton}</td></tr></tbody></table><section class=\"secret\" id=\"secret-0xMSDuPkDWUc959m\"><p><strong>Note Foundry</strong></p><p>Cette caractéristique ne donne pas automatiquement la maîtrise. Vous pouvez activer le mode \"Édition\" dans l'onglet \"Détails\" de votre feuille de personnage et cliquer sur l'icône en forme de rouage à côté de \"Outils\" sous vos compétences pour choisir vos maîtrises d'outils.</p></section>"
		},
		"Crossbow Expert": {
			"name": "Expert en arbalète",
			"description": "<p>Vous gagnez les avantages suivants.</p><p><strong>Augmentation des scores de caractéristiques.</strong> Augmentez votre score de Dextérité de 1, jusqu'à un maximum de 20.</p><p><strong>Ignorer le rechargement.</strong> Vous ignorez la propriété de Rechargement de l’arbalète de poing, de l'arbalète lourde et de l'arbalète légère. Si vous en tenez une, vous pouvez y charger un projectile même si vous n'avez pas de main libre.</p><p><strong>Tir en mêlée.</strong> Être à moins de 1,50 m d'un ennemi n'impose pas de désavantage à vos jets d'attaque avec les arbalètes.</p><p><strong>Combat à deux armes.</strong> Lorsque vous effectuez l'attaque supplémentaire de la propriété Légère, vous pouvez ajouter votre modificateur de caractéristique aux dégâts de l'attaque supplémentaire si celle-ci est effectuée avec une arbalète ayant la propriété Légère et que vous n’ajoutez pas déjà ce modificateur aux dégâts.</p><section id=\"secret-JbCLp7Ez3Fn6zaVJ\" class=\"secret\"><p><strong>Note Foundry</strong></p><p>Les dégâts supplémentaires pour le combat à deux armes ne sont pas appliqués automatiquement, mais peuvent être ajoutés au Bonus Situationnel dans la boîte de dialogue des jets de dégâts normaux.</p></section>"
		},
		"Crusher": {
			"name": "Écraseur",
			"description": "<p>Vous gagnez les avantages suivants.</p><p><strong>Augmentation des scores de caractéristiques.</strong> Augmentez votre score de Force ou de Constitution de 1, jusqu'à un maximum de 20.</p><p><strong>Poussée.</strong> Une fois par tour, lorsque vous touchez une créature avec une attaque qui inflige des dégâts de contusion, vous pouvez la déplacer de 1,50 m vers un espace inoccupé si la cible n'est pas plus grande que d'une taille que vous.</p><p><strong>Critique amélioré.</strong> Lorsque vous obtenez un coup critique qui inflige des dégâts de contusion à une créature, les jets d'attaque contre cette créature ont l’avantage jusqu'au début de votre prochain tour.</p><section id=\"secret-Jx3RkyhIRZ7QLlyM\" class=\"secret\"><p><strong>Note Foundry</strong></p><p>Cette caractéristique inclut un effet actif qui peut être utilisé pour suivre l’avantage, bien qu’il ne l'automatise pas.</p></section>"
		},
		"Defense": {
			"name": "Défense",
			"description": "<p><em>(Prerequisite: Fighting Style Feature)</em></p><p>While you’re wearing Light, Medium, or Heavy armor, you gain a +1 bonus to Armor Class.</p><section id=\"secret-y8skH0HHunT4I5NR\" class=\"secret\"><p><strong>Foundry Note</strong></p><p>This feature includes an Active Effect which provides the Armor Class bonus. Disable it when you are not wearing armor.</p></section>"
		},
		"Defensive Duelist": {
			"name": "Dueliste défensif",
			"description": "<p>Vous gagnez les avantages suivants.</p><p><strong>Augmentation des scores de caractéristiques.</strong> Augmentez votre score de Dextérité de 1, jusqu'à un maximum de 20.</p><p><strong>Parade.</strong> Si vous tenez une arme de Finesse et qu'une autre créature vous touche avec une attaque de mêlée, vous pouvez utiliser une réaction pour ajouter votre bonus de compétence (actuellement, [[lookup @prof]]) à votre classe d'armure, ce qui peut potentiellement faire échouer l'attaque. Vous bénéficiez de ce bonus à la CA contre les attaques de mêlée jusqu'au début de votre prochain tour.</p><section id=\"secret-En8YXJoQaVQXOweT\" class=\"secret\"><p><strong>Note Foundry</strong></p><p>Cette caractéristique inclut un effet actif qui augmentera votre classe d'armure.</p></section>"
		},
		"Druidic Warrior": {
			"name": "Guerrier druidique",
			"description": "<p>Vous apprenez deux @UUID[Compendium.dnd-players-handbook.content.JournalEntry.phbSpells0000000.JournalEntryPage.LhvuDQEyrCdg5EfU]{sorts mineurs de druide} de votre choix. @UUID[Compendium.dnd-players-handbook.spells.Item.phbsplGuidance00]{Guidance} et @UUID[Compendium.dnd-players-handbook.spells.Item.phbsplStarryWisp]{Feu Follet Stellaire} sont recommandées. Les sorts mineurs choisies comptent comme des sorts de Rôdeur pour vous, et votre caractéristique de lancement de sorts pour ceux-ci est la Sagesse. Chaque fois que vous gagnez un niveau de Rôdeur, vous pouvez remplacer l'une de ces sorts mineures par un autre sort mineur de druide.</p>"
		},
		"Dual Wielder": {
			"name": "Combattant à deux armes",
			"description": "<p>Vous bénéficiez des avantages suivants.</p><p><strong>Augmentation de score de caractéristique.</strong> Augmentez votre score de Force ou de Dextérité de 1, jusqu'à un maximum de 20.</p><p><strong>Maniement amélioré des deux armes.</strong> Lorsque vous effectuez l'action d'Attaque à votre tour et attaquez avec une arme ayant la propriété Légère, vous pouvez effectuer une attaque supplémentaire en tant qu'Action Bonus plus tard dans le même tour avec une arme différente, qui doit être une arme de mêlée ne possédant pas la propriété À deux mains. Vous n'ajoutez pas votre modificateur de caractéristique aux dégâts de l'attaque supplémentaire, sauf si ce modificateur est négatif.</p><p><strong>Prise rapide.</strong> Vous pouvez dégainer ou ranger deux armes sans la propriété À deux mains dans les situations où vous seriez normalement limité à une seule arme.</p><section id=\"secret-EJIyTsTmMlxQDh6V\" class=\"secret\"><p><strong>Note Foundry</strong></p><p>Le retrait de votre modificateur de caractéristique n'est pas automatisé. Vous pouvez le soustraire dans le champ de Bonus Situationnel de la boîte de dialogue de jet de dégâts.</p></section>"
		},
		"Dueling": {
			"name": "Duel",
			"description": "<p><em>(Prérequis : Style de combat)</em></p><p>Lorsque vous tenez une arme de mêlée dans une main et aucune autre arme, vous bénéficiez d'un bonus de +2 aux jets de dégâts avec cette arme.</p><section id=\"secret-WIcgVLYQvq2Sj87q\" class=\"secret\"><p><strong>Note Foundry</strong></p><p>Cette caractéristique inclut un effet actif qui fournit le bonus. Désactivez-le lorsque vous maniez plusieurs armes.</p></section>"
		},
		"Durable": {
			"name": "Endurant",
			"description": "<p>Vous bénéficiez des avantages suivants.</p><p><strong>Augmentation de score de caractéristique.</strong> Augmentez votre score de Constitution de 1, jusqu'à un maximum de 20.</p><p><strong>Défier la mort.</strong> Vous avez l'avantage aux jets de sauvegarde de mort.</p><p><strong>Rétablissement rapide.</strong> En tant qu'Action Bonus, vous pouvez dépenser un de vos dés de points de vie, lancer le dé et récupérer un nombre de points de vie égal au résultat du dé.</p><section class=\"secret\" id=\"secret-2mnen4ekEgf4G7tw\"><p><strong>Note Foundry</strong></p><p>L'activité <strong>Rétablissement rapide (plus grand dé)</strong> utilise votre plus grand dé de vie disponible et l'activité <strong>(plus petit dé)</strong> utilise le plus petit dé disponible (important seulement en cas de multiclassage, sinon les résultats sont les mêmes).</p></section>"
		},
		"Elemental Adept": {
			"name": "Adepte élémentaire",
			"description": "<p>Vous bénéficiez des avantages suivants.</p><p><strong>Augmentation de score de caractéristique.</strong> Augmentez votre score d'Intelligence, de Sagesse ou de Charisme de 1, jusqu'à un maximum de 20.</p><p><strong>Maîtrise de l'énergie.</strong> Choisissez l'un des types de dégâts suivants : Acide, Froid, Feu, Foudre ou Tonnerre. Les sorts que vous lancez ignorent la résistance aux dégâts du type choisi. De plus, lorsque vous lancez un sort qui inflige des dégâts de ce type, vous pouvez traiter tout 1 sur un dé de dégâts comme un 2.</p><p><strong>Répétable.</strong> Vous pouvez choisir cet exploit plusieurs fois, mais vous devez sélectionner un type de dégâts différent pour Maîtrise de l'énergie à chaque fois.</p><section id=\"secret-9zhg6kpDIUc84DCG\" class=\"secret\"><p><strong>Note Foundry</strong></p><p>Les effets de cet exploit ne sont pas automatisés.</p></section>"
		},
		"Fey-Touched": {
			"name": "Marqué par le Fey",
			"description": "<p>Votre exposition à la magie de la Féérie vous confère les avantages suivants.</p><p><strong>Augmentation de score de caractéristique.</strong> Augmentez votre score d'Intelligence, de Sagesse ou de Charisme de 1, jusqu'à un maximum de 20.</p><p><strong>Magie de Féérie.</strong> Choisissez un sort de niveau 1 de l'école de Divination ou d'Enchantement. Vous avez toujours ce sort ainsi que le sort @UUID[Compendium.dnd-players-handbook.spells.Item.phbsplMistyStep0]{Pas brumeux} préparés. Vous pouvez lancer chacun de ces sorts sans utiliser d'emplacement de sort. Une fois que vous avez lancé l'un de ces sorts de cette manière, vous ne pouvez plus le lancer de cette façon avant d'avoir terminé un repos long. Vous pouvez également lancer ces sorts en utilisant les emplacements de sorts de niveau approprié. La caractéristique de lancement des sorts est celle augmentée par cet exploit.</p><section class=\"secret\" id=\"secret-O8kxBQYKdt4eFJIV\"><p><strong>Note Foundry</strong></p><p>Les sorts devront être configurés manuellement après avoir été ajoutés à votre feuille pour configurer la caractéristique de lancement et ajouter l'utilisation gratuite.</p></section>"
		},
		"Grappler": {
			"name": "Lutteur",
			"description": "<p>Vous bénéficiez des avantages suivants.</p><p><strong>Augmentation de score de caractéristique.</strong> Augmentez votre score de Force ou de Dextérité de 1, jusqu'à un maximum de 20.</p><p><strong>Frappe et prise.</strong> Lorsque vous touchez une créature avec une attaque à mains nues dans le cadre de l'action d'Attaque à votre tour, vous pouvez infliger des dégâts et saisir la cible en même temps. Vous ne pouvez utiliser cet avantage qu'une fois par tour.</p><p><strong>Avantage d'attaque.</strong> Vous avez l'avantage aux jets d'attaque contre une créature &amp;Reference[Grappled] par vous.</p><p><strong>Lutteur rapide.</strong> Vous n'avez pas besoin de dépenser de mouvement supplémentaire pour déplacer une créature de votre taille ou plus petite qui est agrippée par vous.</p><section class=\"secret\" id=\"secret-LAjjGo55LPacAy8v\"><p><strong>Note Foundry</strong></p><p>L'avantage n'est pas automatisé.</p></section>"
		},
		"Great Weapon Fighting": {
			"name": "Combat avec une Arme Lourde",
			"description": "<p><em>(Prérequis : Style de Combat)</em></p><p>Quand vous lancez un dé de dégâts pour une attaque que vous réalisez avec une arme de Mêlée tenue à deux mains, vous pouvez traiter chaque résultat de 1 ou de 2 comme un 3. L'arme doit avoir la propriété À Deux Mains ou Polyvalente pour bénéficier de cet effet.</p><section id=\"secret-jkbP75uR9eNGIRN0\" class=\"secret\"><p><strong>Note Foundry</strong></p><p>Ce effet n'est pas automatisé.</p></section>"
		},
		"Great Weapon Master": {
			"name": "Maître des Armes Lourdes",
			"description": "<p>Vous gagnez les avantages suivants.</p><p><strong>Augmentation de Caractéristique.</strong> Augmentez votre score de Force de 1, jusqu'à un maximum de 20.</p><p><strong>Maîtrise des Armes Lourdes.</strong> Quand vous touchez une créature avec une arme ayant la propriété Lourde lors d'une action d'Attaque à votre tour, vous pouvez infliger des dégâts supplémentaires à la cible. Les dégâts supplémentaires sont égaux à votre Bonus de Maîtrise.</p><p><strong>Coup Sec.</strong> Juste après avoir obtenu un Coup Critique avec une arme de Mêlée ou réduit une créature à 0 Points de Vie avec celle-ci, vous pouvez effectuer une attaque avec la même arme comme une Action Bonus.</p><section id=\"secret-Mp12ak60ZuPnUCLB\" class=\"secret\"><p><strong>Note Foundry</strong></p><p>L'activité <strong>Dégâts d'Arme Lourde</strong> inclut les dégâts additionnels.</p></section>"
		},
		"Healer": {
			"name": "Guérisseur",
			"description": "<p>Vous gagnez les avantages suivants.</p><p><strong>Médecin de Bataille.</strong> Si vous avez une @UUID[Compendium.dnd-players-handbook.equipment.Item.phbagHealersKit0]{Trousse de Soins}, vous pouvez utiliser une de ses charges pour soigner une créature à 1,5 mètre de vous en tant qu'action Utiliser. Cette créature peut dépenser un de ses Dés de Vie, que vous lancez ensuite. La créature regagne un nombre de Points de Vie égal au résultat plus votre Bonus de Maîtrise.</p><p><strong>Relance de Guérison.</strong> Chaque fois que vous lancez un dé pour déterminer les Points de Vie que vous restaurez avec un sort ou avec le bénéfice de Médecin de Bataille de ce don, vous pouvez relancer le dé si vous obtenez un 1, mais devez utiliser le nouveau résultat.</p><section class=\"secret\" id=\"secret-srSK4HzKeG6v6Fzn\"><p><strong>Note Foundry</strong></p><p>Le personnage utilisant son Dé de Vie peut le réduire sur sa feuille et vous informer de la taille du dé. Vous pouvez ensuite utiliser les activités <strong>Guérison d6</strong>, <strong>d8</strong>, <strong>d10</strong> ou <strong>d12</strong> pour soigner.</p></section>"
		},
		"Heavily Armored": {
			"name": "Lourdement Blindé",
			"description": "<p>Vous gagnez les avantages suivants.</p><p><strong>Augmentation de Caractéristique.</strong> Augmentez votre score de Constitution ou de Force de 1, jusqu'à un maximum de 20.</p><p><strong>Formation en Armure.</strong> Vous obtenez une formation avec les armures Lourdes.</p><section id=\"secret-XrTFBiTrscuZUyTK\" class=\"secret\"><p><strong>Note Foundry</strong></p><p>Cette caractéristique accorde automatiquement une formation avec les armures Lourdes.</p></section>"
		},
		"Heavy Armor Master": {
			"name": "Maître des Armures Lourdes",
			"description": "<p>Vous gagnez les avantages suivants.</p><p><strong>Augmentation de Caractéristique.</strong> Augmentez votre score de Constitution ou de Force de 1, jusqu'à un maximum de 20.</p><p><strong>Réduction des Dégâts.</strong> Quand vous êtes touché par une attaque alors que vous portez une armure Lourde, les dégâts de type Contondant, Perforant et Tranchant infligés par cette attaque sont réduits d'un montant égal à votre Bonus de Maîtrise.</p><section class=\"secret\" id=\"secret-BoU0ql21IXdiGxDw\"><p><strong>Note Foundry</strong></p><p>Cette caractéristique inclut un Effet Actif qui réduit automatiquement ces types de dégâts de votre Bonus de Maîtrise. Désactivez-le quand vous ne portez pas d'armure Lourde.</p></section>"
		},
		"Inspiring Leader": {
			"name": "Leader Inspirant",
			"description": "<p>Vous gagnez les avantages suivants.</p><p><strong>Augmentation de Caractéristique.</strong> Augmentez votre score de Sagesse ou de Charisme de 1, jusqu'à un maximum de 20.</p><p><strong>Performance Encouragante.</strong> Quand vous terminez un repos Court ou Long, vous pouvez réaliser une performance inspirante : discours, chant, ou danse. En faisant cela, choisissez jusqu'à six alliés (y compris vous-même) à 9 mètres de vous qui assistent à la performance. Chaque créature choisie gagne des Points de Vie Temporaires égaux à votre niveau de personnage plus le modificateur de la caractéristique augmentée par ce don.</p><section id=\"secret-QFS7wQGuYgNoa0uR\" class=\"secret\"><p><strong>Note Foundry</strong></p><p>Les activités <strong>Inspiration par Sagesse</strong> et <strong>Inspiration par Charisme</strong> peuvent être utilisées pour fournir des Points de Vie Temporaires avec la caractéristique appropriée.</p></section>"
		},
		"Interception": {
			"name": "Interception",
			"description": "<p><em>(Prérequis : Style de Combat)</em></p><p>Quand une créature que vous pouvez voir touche une autre créature à 1,5 mètre de vous avec une attaque, vous pouvez utiliser une Réaction pour réduire les dégâts infligés à la cible de 1d10 plus votre Bonus de Maîtrise. Vous devez tenir un Bouclier ou une arme Simple ou Martiale pour utiliser cette Réaction.</p><section class=\"secret\" id=\"secret-bOebMMgCjlpqzRnG\"><p><strong>Note Foundry</strong></p><p>L'activité <strong>Interception</strong> peut être utilisée pour réduire les dégâts infligés.</p></section>"
		},
		"Keen Mind": {
			"name": "Esprit Aiguisé",
			"description": "<p>Vous gagnez les avantages suivants.</p><p><strong>Augmentation de Caractéristique.</strong> Augmentez votre score d'Intelligence de 1, jusqu'à un maximum de 20.</p><p><strong>Connaissance du Savoir.</strong> Choisissez une compétence parmi les suivantes : Arcane, Histoire, Investigation, Nature ou Religion. Si vous n'êtes pas compétent dans cette compétence, vous le devenez, et si vous l'êtes déjà, vous obtenez l'Expertise dans cette compétence.</p><p><strong>Étude Rapide.</strong> Vous pouvez entreprendre l'action d'Étudier en tant qu'Action Bonus.</p><section class=\"secret\" id=\"secret-aYFftTTqUBTDay7m\"><p><strong>Note Foundry</strong></p><p>Cette fonctionnalité n'accorde pas automatiquement la compétence ou l'Expertise. Activez le mode \"Modifier\" sur votre fiche et cliquez sur le cercle à côté de la compétence pour appliquer la compétence ou l'Expertise si nécessaire.</p></section>"
		},
		"Lightly Armored": {
			"name": "Légèrement Armé",
			"description": "<p>Vous gagnez les avantages suivants.</p><p><strong>Augmentation de Caractéristique.</strong> Augmentez votre score de Force ou de Dextérité de 1, jusqu'à un maximum de 20.</p><p><strong>Entraînement aux Armures.</strong> Vous obtenez la formation avec les armures légères et les boucliers.</p><section class=\"secret\" id=\"secret-NpiwUDsdtqRVqwYX\"><p><strong>Note Foundry</strong></p><p>Cette fonctionnalité fournit automatiquement la formation avec les armures légères et les boucliers.</p></section>"
		},
		"Lucky": {
			"name": "Chanceux",
			"description": "<p>Vous gagnez les avantages suivants.</p><p><strong>Points de Chance.</strong> Vous disposez d’un nombre de Points de Chance égal à votre Bonus de Maîtrise et pouvez les utiliser pour bénéficier des effets ci-dessous. Vous récupérez les Points de Chance dépensés après un repos long.</p><p><strong>Avantage.</strong> Quand vous lancez un d20 pour un Test de D20, vous pouvez dépenser 1 Point de Chance pour obtenir un Avantage sur le jet.</p><p><strong>Désavantage.</strong> Quand une créature fait un jet d’attaque contre vous, vous pouvez dépenser 1 Point de Chance pour lui imposer un Désavantage sur son jet.</p><section id=\"secret-6TFD3CUAlQhYUp4d\" class=\"secret\"><p><strong>Note Foundry</strong></p><p>Cette fonctionnalité inclut le nombre approprié d'utilisations et s'adapte à votre niveau. Les activités \"Avantage\" et \"Désavantage\" consomment une utilisation mais n'imposent pas directement l'Avantage ou le Désavantage.</p></section>"
		},
		"Mage Slayer": {
			"name": "Tueur de Mages",
			"description": "<p>Vous gagnez les avantages suivants.</p><p><strong>Augmentation de Caractéristique.</strong> Augmentez votre score de Force ou de Dextérité de 1, jusqu'à un maximum de 20.</p><p><strong>Briseur de Concentration.</strong> Lorsque vous infligez des dégâts à une créature en concentration, elle subit un Désavantage au jet de sauvegarde pour maintenir cette concentration.</p><p><strong>Esprit Protégé.</strong> Si vous échouez à un jet de sauvegarde d'Intelligence, de Sagesse ou de Charisme, vous pouvez décider de réussir à la place. Une fois utilisé, ce bénéfice n'est à nouveau disponible qu'après un repos court ou long.</p><section class=\"secret\" id=\"secret-eqfhO3l6IgAsZKo4\"><p><strong>Note Foundry</strong></p><p>L'activité \"Esprit Protégé\" consomme l'utilisation unique de cette fonctionnalité, récupérée après un repos court ou long.</p></section>"
		},
		"Magic Initiate": {
			"name": "Initiation Magique",
			"description": "<p>Vous gagnez les avantages suivants.</p><p><strong>Deux Sorts mineur.</strong> Vous apprenez deux tours de magie de votre choix parmi les listes de sorts de Clerc, Druide ou Magicien. L'Intelligence, la Sagesse ou le Charisme est votre caractéristique pour ces sorts (choisissez lors de la sélection de ce don).</p><p><strong>Sort de Niveau 1.</strong> Choisissez un sort de niveau 1 dans la même liste que celle sélectionnée pour vos tours de magie. Vous l’avez toujours préparé. Vous pouvez le lancer une fois sans utiliser d’emplacement de sort, et regagnez cette capacité après un repos long. Vous pouvez également le lancer en utilisant vos emplacements de sort.</p><p><strong>Changement de Sort.</strong> À chaque niveau, vous pouvez remplacer un des sorts choisis par un sort de même niveau de la liste sélectionnée.</p><p><strong>Répétable.</strong> Vous pouvez prendre ce don plus d’une fois, mais vous devez choisir une liste de sorts différente chaque fois.</p><section id=\"secret-7JQCSgnGrtu9huzf\" class=\"secret\"><p><strong>Note Foundry</strong></p><p>Les sorts doivent être ajoutés manuellement à votre feuille avec les modifications nécessaires.</p></section>"
		},
		"Martial Weapon Training": {
			"name": "Entraînement aux Armes Martiales",
			"description": "<p>Vous gagnez les avantages suivants.</p><p><strong>Augmentation de Caractéristique.</strong> Augmentez votre score de Force ou de Dextérité de 1, jusqu'à un maximum de 20.</p><p><strong>Maîtrise des Armes.</strong> Vous gagnez la maîtrise des armes martiales.</p><section class=\"secret\" id=\"secret-D09BeCa8lfTgpJ6h\"><p><strong>Note Foundry</strong></p><p>Cette fonctionnalité vous accorde automatiquement la maîtrise des armes martiales.</p></section>"
		},
		"Medium Armor Master": {
			"name": "Maître des Armures Moyennes",
			"description": "<p>Vous gagnez les avantages suivants.</p><p><strong>Augmentation de Caractéristique.</strong> Augmentez votre score de Force ou de Dextérité de 1, jusqu'à un maximum de 20.</p><p><strong>Porteur de Dexterité.</strong> Lorsque vous portez une armure moyenne, vous pouvez ajouter 3 (plutôt que 2) à votre CA si votre score de Dextérité est de 16 ou plus.</p><section class=\"secret\" id=\"secret-6pnyGDNgbSDB7FtT\"><p><strong>Note Foundry</strong></p><p>Cette fonctionnalité inclut un effet actif qui ajoute +1 à la classe d'armure. Désactivez-le si votre Dextérité est de 15 ou moins.</p></section>"
		  },
		"Moderately Armored": {
			"name": "Modérément Armé",
			"description": "<p>Vous gagnez les avantages suivants.</p><p><strong>Augmentation de Caractéristique.</strong> Augmentez votre score de Force ou de Dextérité de 1, jusqu'à un maximum de 20.</p><p><strong>Entraînement aux Armures.</strong> Vous obtenez la formation avec les armures moyennes.</p><section class=\"secret\" id=\"secret-Q1Odcq8OF5Y3cNci\"><p><strong>Note Foundry</strong></p><p>Cette fonctionnalité vous accorde automatiquement la formation avec les armures moyennes.</p></section>"
		},
		"Mounted Combatant": {
			"name": "Cavalier Aguerri",
			"description": "<p>Vous gagnez les avantages suivants.</p><p><strong>Augmentation de Caractéristique.</strong> Augmentez votre score de Force, de Dextérité ou de Sagesse de 1, jusqu'à un maximum de 20.</p><p><strong>Frappe Montée.</strong> Lorsque vous êtes monté, vous avez l’Avantage aux jets d’attaque contre toute créature à pied dans un rayon de 1,5 mètre de votre monture et d’une taille inférieure.</p><p><strong>Esquive.</strong> Si votre monture est soumise à un effet avec un jet de sauvegarde de Dextérité pour subir la moitié des dégâts, elle ne subit aucun dégât si elle réussit le jet et la moitié des dégâts si elle échoue. Pour bénéficier de cet effet, vous devez monter la créature et aucune des deux ne doit être incapacités.</p><p><strong>Déviation.</strong> Si une attaque frappe votre monture, vous pouvez faire en sorte qu'elle vous touche à la place si vous n'êtes pas incapacités.</p>"
		},
		"Musician": {
			"name": "Musicien",
			"description": "<p>Vous gagnez les avantages suivants.</p><p><strong>Entraînement d'Instrument.</strong> Vous gagnez la maîtrise de trois instruments de musique au choix.</p><p><strong>Chanson Encourageante.</strong> En terminant un repos court ou long, vous pouvez jouer une chanson avec un instrument de musique maîtrisé et accorder l’Inspiration Héroïque aux alliés qui entendent. Vous pouvez affecter un nombre d’alliés égal à votre bonus de maîtrise.</p><section id=\"secret-HOpzCuYplOBgNgcP\" class=\"secret\"><p><strong>Note Foundry</strong></p><p>Cette fonctionnalité ne fournit pas automatiquement les maîtrises. Activez le mode \"Modifier\" dans l'onglet \"Détails\" de votre feuille et cliquez sur l’engrenage à côté de \"Outils\" sous vos compétences pour choisir les maîtrises d’instruments de musique.</p></section>"
		},
		"Observant": {
			"name": "Observateur",
			"description": "<p>Vous gagnez les avantages suivants.</p><p><strong>Augmentation de Caractéristique.</strong> Augmentez votre score d'Intelligence ou de Sagesse de 1, jusqu'à un maximum de 20.</p><p><strong>Observateur Aiguisé.</strong> Choisissez une compétence : Perspicacité, Investigation ou Perception. Si vous n'êtes pas compétent, vous le devenez, sinon vous obtenez l'Expertise.</p><p><strong>Recherche Rapide.</strong> Vous pouvez entreprendre l'action de Recherche en tant qu'Action Bonus.</p><section class=\"secret\" id=\"secret-IMoiPOhK6xpsA6s8\"><p><strong>Note Foundry</strong></p><p>Cette fonctionnalité ne fournit pas automatiquement la compétence ou l'Expertise. Activez le mode \"Modifier\" et cliquez sur le cercle de la compétence pour appliquer.</p></section>"
		},
		"Piercer": {
			"name": "Perforant",
			"description": "<p>Vous obtenez les avantages suivants.</p><p><strong>Augmentation de Caractéristique.</strong> Augmentez votre Force ou votre Dextérité de 1, jusqu'à un maximum de 20.</p><p><strong>Perforation.</strong> Une fois par tour, lorsque vous touchez une créature avec une attaque infligeant des dégâts perforants, vous pouvez relancer un des dés de dégâts de l'attaque, et vous devez utiliser le nouveau résultat.</p><p><strong>Critique Amélioré.</strong> Lorsque vous obtenez un coup critique qui inflige des dégâts perforants à une créature, vous pouvez lancer un dé de dégâts supplémentaire pour déterminer les dégâts perforants supplémentaires infligés à la cible.</p><section id=\"secret-5tfbQNYlnPoUJ6u0\" class=\"secret\"><p><strong>Note Foundry</strong></p><p>Les effets de cette caractéristique ne sont pas automatisés.</p></section>"
		},
		"Poisoner": {
			"name": "Empoisonneur",
			"description": "<p>Vous obtenez les avantages suivants.</p><p><strong>Augmentation de Caractéristique.</strong> Augmentez votre Dextérité ou votre Intelligence de 1, jusqu'à un maximum de 20.</p><p><strong>Poison Puissant.</strong> Lorsque vous faites un jet de dégâts infligeant des dégâts de poison, ceux-ci ignorent la résistance au poison.</p><p><strong>Préparer du Poison.</strong> Vous gagnez la maîtrise du Kit de Toxines. En travaillant pendant 1 heure avec ce kit et en dépensant 50 PO en matériaux, vous pouvez créer un nombre de doses de poison égal à votre bonus de maîtrise. Comme action bonus, vous pouvez appliquer une dose de poison sur une arme ou une munition. Une fois appliqué, le poison reste efficace pendant 1 minute ou jusqu'à ce que vous infligiez des dégâts avec l'objet empoisonné, selon la première occurrence. Lorsqu'une créature subit des dégâts de l'objet empoisonné, elle doit réussir un jet de sauvegarde de Constitution (DD 8 + le modificateur de la caractéristique augmentée par ce don et votre bonus de maîtrise) ou subir 2d8 dégâts de poison et être empoisonnée jusqu'à la fin de votre prochain tour.</p><section id=\"secret-Z0hagCaxOGvVtkkm\" class=\"secret\"><p><strong>Note Foundry</strong></p><p>L'activité <strong>Créer des Doses de Poison</strong> restaurera un nombre d'utilisations de cet objet selon votre bonus de maîtrise.</p><p>L'activité <strong>Appliquer le Poison</strong> permet de choisir un jet de sauvegarde de Dextérité ou d'Intelligence pour l'objet ciblé, en fonction de la caractéristique augmentée lors du choix de ce don.</p><p>Vous pouvez supprimer l'activité <strong>Sauvegarde contre le Poison</strong> liée à la caractéristique <em>non</em> choisie pour ce don.</p><p>Enfin, le DD de sauvegarde des activités d'enchantement est basé sur les caractéristiques de l'utilisateur de l'arme, mais doit toujours être comparé au DD de sauvegarde du propriétaire de cette caractéristique.</p></section>"
		},
		"Polearm Master": {
			"name": "Maître des Armes d'Hast",
			"description": "<p>Vous obtenez les avantages suivants.</p><p><strong>Augmentation de Caractéristique.</strong> Augmentez votre Dextérité ou votre Force de 1, jusqu'à un maximum de 20.</p><p><strong>Frappe avec le Bâton.</strong> Immédiatement après avoir effectué l'action Attaque avec un bâton, une lance ou une arme possédant les propriétés Lourde et Allonge, vous pouvez utiliser une action bonus pour effectuer une attaque de mêlée avec l'autre extrémité de l'arme. L'arme inflige des dégâts contondants, et son dé de dégâts pour cette attaque est un d4.</p><p><strong>Frappe Réactive.</strong> Tant que vous tenez un bâton, une lance ou une arme ayant les propriétés Lourde et Allonge, vous pouvez utiliser une réaction pour effectuer une attaque de mêlée contre une créature entrant dans votre allonge avec cette arme.</p><section id=\"secret-sXGBEjProoBKCuAz\" class=\"secret\"><p><strong>Note Foundry</strong></p><p>L'activité <strong>Frappe avec le Bâton</strong> peut être utilisée pour l'attaque de l'action bonus et les dégâts.</p><p>L'activité <strong>Frappe Réactive</strong> peut être utilisée si vous suivez l'utilisation des réactions.</p></section>"
		},
		"Protection": {
			"name": "Protection",
			"description": "<p><em>(Prérequis : Style de Combat)</em></p><p>Lorsque vous voyez une créature attaquer une cible autre que vous située à moins de 1,50 mètre de vous, vous pouvez utiliser une réaction pour interposer votre bouclier si vous en tenez un. Vous imposez un désavantage au jet d'attaque déclencheur et à tous les autres jets d'attaque contre la cible jusqu'au début de votre prochain tour, si vous restez à moins de 1,50 mètre de la cible.</p><section id=\"secret-omzqnTg5Wlirj4sK\" class=\"secret\"><p><strong>Note Foundry</strong></p><p>Cette caractéristique inclut un effet actif pour suivre la créature protégée, mais n'automatise pas le désavantage.</p></section>"
		},
		"Resilient": {
			"name": "Résistant",
			"description": "<p>Vous obtenez les avantages suivants.</p><p><strong>Augmentation de Caractéristique.</strong> Choisissez une caractéristique dans laquelle vous n'avez pas de maîtrise en jet de sauvegarde. Augmentez la caractéristique choisie de 1, jusqu'à un maximum de 20.</p><p><strong>Maîtrise des Jets de Sauvegarde.</strong> Vous obtenez la maîtrise des jets de sauvegarde de la caractéristique choisie.</p><section class=\"secret\" id=\"secret-dYKo82Z8YvKLGBKt\"><p><strong>Note Foundry</strong></p><p>Cette caractéristique n'octroie pas automatiquement la maîtrise des jets de sauvegarde. Vous pouvez activer le mode \"Éditer\" pour votre fiche et cliquer sur l'engrenage à côté de la caractéristique pour activer la maîtrise des jets de sauvegarde.</p></section>"
		},
		"Ritual Caster": {
			"name": "Lanceur de Rituels",
			"description": "<p>Vous obtenez les avantages suivants.</p><p><strong>Augmentation de Caractéristique.</strong> Augmentez votre Intelligence, Sagesse ou Charisme de 1, jusqu'à un maximum de 20.</p><p><strong>Sorts de Rituel.</strong> Choisissez un nombre de sorts de niveau 1 égal à votre bonus de maîtrise (actuellement [[lookup @prof]]) ayant le tag Rituel. Vous avez toujours ces sorts préparés et vous pouvez les lancer en utilisant les emplacements de sorts dont vous disposez. La caractéristique d'incantation de ces sorts est la caractéristique augmentée par ce don. Chaque fois que votre bonus de maîtrise augmente, vous pouvez ajouter un sort de niveau 1 supplémentaire avec le tag Rituel aux sorts toujours préparés par cette caractéristique.</p><p><strong>Rituel Rapide.</strong> Avec cet avantage, vous pouvez lancer un sort de rituel que vous avez préparé en utilisant son temps d'incantation habituel, plutôt que le temps prolongé d'un rituel. Faire cela ne nécessite pas de case d'incantation. Une fois que vous avez utilisé ce bénéfice, vous ne pouvez plus l'utiliser avant d'avoir terminé un repos long.</p><section id=\"secret-k6S1sYFzUtw0k3RK\" class=\"secret\"><p><strong>Note Foundry</strong></p><p>Les sorts doivent être ajoutés manuellement avec les changements.</p><p>L'activité <strong>Rituel Rapide</strong> peut être utilisée pour suivre l'utilisation limitée entre deux repos longs.</p></section>"
		},
		"Savage Attacker": {
			"name": "Attaquant Sauvage",
			"description": "<p>Vous vous êtes entraîné à infliger des frappes particulièrement dévastatrices. Une fois par tour, lorsque vous touchez une cible avec une arme, vous pouvez lancer deux fois les dés de dégâts de l'arme et utiliser l'un des deux résultats contre la cible.</p>"
		},
		"Sentinel": {
			"name": "Sentinelle",
			"description": "<p>Vous gagnez les avantages suivants.</p><p><strong>Augmentation de Caractéristique.</strong> Augmentez votre Force ou votre Dextérité de 1, jusqu'à un maximum de 20.</p><p><strong>Gardien.</strong> Immédiatement après qu'une créature à 1,5 mètre de vous effectue une action de Désengagement ou frappe une cible autre que vous avec une attaque, vous pouvez effectuer une Attaque d'Opportunité contre cette créature.</p><p><strong>Arrêt.</strong> Lorsque vous touchez une créature avec une Attaque d'Opportunité, la Vitesse de la créature devient 0 pour le reste du tour en cours.</p><section id=\"secret-KBMBiIjYcMO6SlX6\" class=\"secret\"><p><strong>Note Foundry</strong></p><p>Cette caractéristique inclut un Effet Actif qui peut être utilisé pour réduire la Vitesse de la créature à 0.</p></section>"
		},
		"Shadow-Touched": {
			"name": "Touché par l'Ombre",
			"description": "<p><em>Don Général (Prérequis : Niveau 4+)</em></p><p>Votre exposition à la magie du Plan de l'Ombre vous accorde les avantages suivants.</p><p><strong>Augmentation de Caractéristique.</strong> Augmentez votre Intelligence, Sagesse ou Charisme de 1, jusqu'à un maximum de 20.</p><p><strong>Magie de l'Ombre.</strong> Choisissez un sort de niveau 1 de l'école d'Illusion ou de Nécromancie. Vous avez toujours ce sort préparé ainsi que le sort d'@UUID[Compendium.dnd-players-handbook.spells.Item.phbsplInvisibili]{Invisibilité}. Vous pouvez lancer chacun de ces sorts sans dépenser un emplacement de sort. Une fois l'un de ces sorts lancé de cette manière, vous ne pouvez plus le faire ainsi avant de terminer un repos long. Vous pouvez également lancer ces sorts en utilisant des emplacements de sort de niveau approprié. La capacité d'incantation des sorts est la caractéristique augmentée par ce don.</p><section class=\"secret\" id=\"secret-MHCfb0RA6g4rzo6K\"><p><strong>Note Foundry</strong></p><p>Les sorts devront être ajoutés manuellement à votre fiche avec ces changements.</p><p>Les activités <strong>Utiliser le Sort Choisi</strong> et <strong>Utiliser Invisibilité</strong> peuvent être utilisées pour suivre vos utilisations gratuites.</p></section>"
		},
		"Sharpshooter": {
			"name": "Tireur d'Élite",
			"description": "<p>Vous gagnez les avantages suivants.</p><p><strong>Augmentation de Caractéristique.</strong> Augmentez votre Dextérité de 1, jusqu'à un maximum de 20.</p><p><strong>Ignorer les Couvertures.</strong> Vos attaques à distance avec des armes ignorent la Moitié-Couvert et les Trois-Quarts-Couvert.</p><p><strong>Tir en Mêlée.</strong> Être à moins de 1,5 mètre d'un ennemi n'impose pas de Désavantage à vos jets d'attaque avec des armes à distance.</p><p><strong>Tirs à Longue Portée.</strong> Attaquer à longue portée n'impose pas de Désavantage à vos jets d'attaque avec des armes à distance.</p>"
		},
		"Shield Master": {
			"name": "Maître du Bouclier",
			"description": "<p>Vous gagnez les avantages suivants.</p><p><strong>Augmentation de Caractéristique.</strong> Augmentez votre Force de 1, jusqu'à un maximum de 20.</p><p><strong>Coup de Bouclier.</strong> Si vous attaquez une créature à 1,5 mètre de vous dans le cadre de l'action Attaque et que vous touchez avec une arme de Mêlée, vous pouvez immédiatement frapper la cible avec votre bouclier si vous l'avez équipé, obligeant la cible à faire un jet de sauvegarde de Force (DD 8 plus votre modificateur de Force et votre Bonus de Maîtrise). En cas d'échec, vous pouvez pousser la cible de 1,5 mètre ou lui infliger la condition <em>À Terre</em> (à votre choix). Vous ne pouvez utiliser cet avantage qu'une fois à chaque tour.</p><p><strong>Interposition du Bouclier.</strong> Si vous êtes soumis à un effet permettant de faire un jet de sauvegarde de Dextérité pour ne subir que la moitié des dégâts, vous pouvez prendre une Réaction pour ne subir aucun dégât si vous réussissez le jet de sauvegarde et tenez un bouclier.</p><section id=\"secret-u778KRzbKiVH0Qos\" class=\"secret\"><p><strong>Note Foundry</strong></p><p>L'activité <strong>Coup de Bouclier</strong> inclut le jet de sauvegarde et un Effet Actif qui peut appliquer la condition À Terre.</p><p>L'activité <strong>Interposition du Bouclier</strong> peut être utilisée si vous suivez l'utilisation des Réactions.</p></section>"
		},
		"Skill Expert": {
			"name": "Expert en Compétence",
			"description": "<p>Vous gagnez les avantages suivants.</p><p><strong>Augmentation de Caractéristique.</strong> Augmentez une caractéristique de votre choix de 1, jusqu'à un maximum de 20.</p><p><strong>Maîtrise d'une Compétence.</strong> Vous gagnez la maîtrise d'une compétence de votre choix.</p><p><strong>Expertise.</strong> Choisissez une compétence dans laquelle vous êtes compétent mais pour laquelle vous ne possédez pas d'Expertise. Vous obtenez l'Expertise dans cette compétence.</p><section class=\"secret\" id=\"secret-ulUPWBL6qcjwB3jp\"><p><strong>Note Foundry</strong></p><p>Cette caractéristique ne confère pas automatiquement la compétence ou l'Expertise. Vous pouvez activer le mode \"Édition\" de votre fiche et cliquer sur le cercle à côté des compétences pour appliquer la compétence ou l'Expertise si nécessaire.</p></section>"
		},
		"Skilled": {
			"name": "Compétent",
			"description": "<p>Vous gagnez la maîtrise de n'importe quelle combinaison de trois compétences ou outils de votre choix.</p><p><strong>Répétable.</strong> Vous pouvez prendre ce don plus d'une fois.</p><section class=\"secret\" id=\"secret-36vceWBnGWiMkySr\"><p><strong>Note Foundry</strong></p><p>Cette caractéristique ne confère pas automatiquement les compétences. Vous pouvez activer le mode \"Édition\" dans l'onglet <strong>\"</strong>Détails\" de votre fiche et cliquer sur les cercles à côté des Compétences pour choisir vos compétences.</p></section>"
		},
		"Skulker": {
			"name": "Furtif",
			"description": "<p>Vous gagnez les avantages suivants.</p><p><strong>Augmentation de Caractéristique.</strong> Augmentez votre Dextérité de 1, jusqu'à un maximum de 20.</p><p><strong>Vision Aveugle.</strong> Vous avez une vision aveugle avec une portée de 3 mètres.</p><p><strong>Brume de Guerre.</strong> Vous exploitez les distractions du combat, obtenant l'Avantage pour tout test de Dextérité (Discrétion) que vous effectuez dans le cadre de l'action Se Cacher en combat.</p><p><strong>Tireur Embusqué.</strong> Si vous effectuez un jet d'attaque en étant caché et que le jet échoue, faire ce jet d'attaque ne révèle pas votre position.</p><section class=\"secret\" id=\"secret-uYEwLh81hYSCN3nb\"><p><strong>Note Foundry</strong></p><p>Cette caractéristique confère automatiquement la portée de Vision Aveugle.</p></section>"
		},
		"Slasher": {
			"name": "Balafreur",
			"description": "<p>Vous gagnez les avantages suivants.</p><p><strong>Augmentation de Caractéristique.</strong> Augmentez votre Force ou Dextérité de 1, jusqu'à un maximum de 20.</p><p><strong>Entrave.</strong> Une fois par tour, lorsque vous touchez une créature avec une attaque qui inflige des dégâts tranchants, vous pouvez réduire sa vitesse de 3 mètres jusqu'au début de votre prochain tour.</p><p><strong>Critique Amélioré.</strong> Lorsque vous réalisez un Coup Critique infligeant des dégâts tranchants à une créature, celle-ci subit un Désavantage à ses jets d'attaque jusqu'au début de votre prochain tour.</p><section class=\"secret\" id=\"secret-PMVAtAZfo61ryOmO\"><p><strong>Note Foundry</strong></p><p>Cette caractéristique inclut un Effet Actif pour suivre les effets d'Entrave et de Critique Amélioré. La vitesse de la créature est automatiquement réduite de 3 mètres.</p></section>"
		},
		"Speedy": {
			"name": "Rapide",
			"description": "<p>Vous gagnez les avantages suivants.</p><p><strong>Augmentation de Caractéristique.</strong> Augmentez votre Dextérité ou Constitution de 1, jusqu'à un maximum de 20.</p><p><strong>Augmentation de Vitesse.</strong> Votre &amp;Reference[Speed] augmente de 3 mètres.</p><p><strong>Course en Terrain Difficile.</strong> Lorsque vous prenez l'action de Course à votre tour, le Terrain Difficile ne vous coûte pas de mouvement supplémentaire pour le reste du tour.</p><p><strong>Mouvement Agile.</strong> Les Attaques d'Opportunité contre vous subissent un Désavantage.</p><section class=\"secret\" id=\"secret-mmDZHieZYuvYT5LG\"><p><strong>Note Foundry</strong></p><p>Cette caractéristique augmente automatiquement votre vitesse de marche de 3 mètres. Si vous possédez d'autres types de mouvement, vous devrez les ajuster manuellement.</p></section>"
		},
		"Spell Sniper": {
			"name": "Franc-Tireur Magique",
			"description": "<p>Vous gagnez les avantages suivants.</p><p><strong>Augmentation de Caractéristique.</strong> Augmentez votre Intelligence, Sagesse ou Charisme de 1, jusqu'à un maximum de 20.</p><p><strong>Ignorer la Couverture.</strong> Vos jets d'attaque pour les sorts ignorent la &amp;Reference[Half Cover] et les &amp;Reference[Three-Quarters Cover].</p><p><strong>Lancer en Mêlée.</strong> Être à moins de 1,5 mètre d'un ennemi ne vous impose pas de Désavantage pour vos jets d'attaque de sorts.</p><p><strong>Portée Augmentée.</strong> Lorsque vous lancez un sort avec une portée d'au moins 3 mètres nécessitant un jet d'attaque, vous pouvez augmenter la portée du sort de 18 mètres.</p>"
		},
		"Tavern Brawler": {
			"name": "Bagarreur de Taverne",
			"description": "<p>Vous gagnez les avantages suivants.</p><p><strong>Frappe à Mains Nues Améliorée.</strong> Lorsque vous touchez avec votre Frappe à Mains Nues et infligez des dégâts, vous pouvez infliger des dégâts de contondant égaux à 1d4 plus votre modificateur de Force au lieu des dégâts normaux d'une Frappe à Mains Nues.</p><p><strong>Relance des Dégâts.</strong> Chaque fois que vous lancez un dé de dégâts pour votre Frappe à Mains Nues et que le dé donne un 1, vous pouvez relancer le dé et devez utiliser le nouveau résultat.</p><p><strong>Maîtrise des Armes Improvisées.</strong> Vous maîtrisez les armes improvisées.</p><p><strong>Repousser.</strong> Lorsque vous touchez une créature avec une Frappe à Mains Nues dans le cadre de l'action d'Attaque à votre tour, vous pouvez infliger des dégâts à la cible et la repousser de 1,5 mètre. Vous pouvez utiliser cet avantage seulement une fois par tour.</p><section class=\"secret\" id=\"secret-XllUmSpInybNueav\"><p><strong>Note Foundry</strong></p><p>La maîtrise est automatiquement accordée par cette caractéristique.</p><p>L'activité <strong>Frappe à Mains Nues Améliorée</strong> inclut le changement de dégâts.</p></section>"
		},
		"Telekinetic": {
			"name": "Télékinétique",
			"description": "<p>Vous gagnez les avantages suivants.</p><p><strong>Augmentation de Caractéristique.</strong> Augmentez votre Intelligence, Sagesse ou Charisme de 1, jusqu'à un maximum de 20.</p><p><strong>Télékinésie Mineure.</strong> Vous apprenez le sort @UUID[Compendium.dnd-players-handbook.spells.Item.phbsplMageHand00]{Main du Mage}. Vous pouvez le lancer sans composantes verbales ou somatiques, rendre la main spectrale invisible, et augmenter sa portée ainsi que la distance à laquelle elle peut se trouver de vous de 9 mètres lorsque vous le lancez. La caractéristique de lancement du sort est celle augmentée par ce don.</p><p><strong>Poussée Télékinétique.</strong> En tant qu'Action Bonus, vous pouvez repousser télékinétiquement une créature que vous voyez dans un rayon de 9 mètres. Elle doit réussir un jet de sauvegarde de Force (DD 8 plus le modificateur de la caractéristique augmentée par ce don et votre Bonus de Maîtrise) ou être déplacée de 1,5 mètre vers ou loin de vous.</p><section class=\"secret\" id=\"secret-FXWRcCRBdJVUHls9\"><p><strong>Note Foundry</strong></p><p>Le sort devra être ajouté à votre feuille manuellement avec les modifications.</p><p>Les activités <strong>Poussée Télékinétique</strong> peuvent être utilisées pour le jet de sauvegarde avec la caractéristique concernée.</p></section>"
		},
		"Telepathic": {
			"name": "Télépathe",
			"description": "<p>Vous gagnez les avantages suivants.</p><p><strong>Augmentation de Caractéristique.</strong> Augmentez votre Intelligence, Sagesse ou Charisme de 1, jusqu'à un maximum de 20.</p><p><strong>Communication Télépathique.</strong> Vous pouvez communiquer télépathiquement avec une créature que vous voyez dans un rayon de 18 mètres. Vos communications télépathiques se font dans une langue que vous connaissez, et la créature vous comprend seulement si elle connaît cette langue. Votre communication ne permet pas à la créature de répondre télépathiquement.</p><p><strong>Détection des Pensées.</strong> Vous avez toujours le sort @UUID[Compendium.dnd-players-handbook.spells.Item.phbsplDetectThou]{Détection des Pensées} préparé. Vous pouvez le lancer sans dépenser de slot de sort ou de composantes, mais vous devez terminer un repos long avant de pouvoir le lancer de cette manière à nouveau. Vous pouvez aussi le lancer en utilisant vos emplacements de sorts du niveau approprié. Votre caractéristique de lancement pour ce sort est celle augmentée par ce don.</p><section id=\"secret-unoZ1rgJPaBmd1Dn\" class=\"secret\"><p><strong>Note Foundry</strong></p><p>Les activités <strong>Détection des Pensées</strong> peuvent être utilisées pour suivre votre utilisation gratuite par repos long. Le sort devra être ajouté à votre feuille manuellement cependant.</p></section>"
		},
		"Thrown Weapon Fighting": {
			"name": "Lancer d'Arme",
			"description": "<p><em>(Prérequis : Style de Combat)</em></p><p>Lorsque vous touchez avec un jet d'attaque à distance en utilisant une arme avec la propriété Lancé, vous gagnez un bonus de +2 au jet de dégâts.</p><section class=\"secret\" id=\"secret-bEw60cBL96wx9JH4\"><p><strong>Note Foundry</strong></p><p>Cette caractéristique n'est pas automatisée. Vous pouvez ajouter +2 dans le champ Bonus Situationnel du jet de dégâts.</p></section>"
		},
		"Tough": {
			"name": "Robuste",
			"description": "<p>Votre maximum de Points de Vie augmente d'un montant égal à deux fois votre niveau de personnage lorsque vous obtenez ce don. Chaque fois que vous gagnez un niveau de personnage par la suite, votre maximum de Points de Vie augmente de 2 Points de Vie supplémentaires.</p><section class=\"secret\" id=\"secret-DNpQNBPOozLkTF8R\"><p><strong>Note Foundry</strong></p><p>L'augmentation du maximum de Points de Vie est gérée automatiquement lorsque vous obtenez ce don et à chaque montée de niveau.</p></section>"
		},
		"Two-Weapon Fighting": {
			"name": "Combat à Deux Armes",
			"description": "<p><em>(Prérequis : Style de Combat)</em></p><p>Lorsque vous effectuez une attaque supplémentaire en utilisant une arme avec la propriété Légère, vous pouvez ajouter votre modificateur de caractéristique aux dégâts de cette attaque si vous ne l’ajoutez pas déjà aux dégâts.</p><section class=\"secret\" id=\"secret-hYptyfGCa0gLDQRT\"><p><strong>Note Foundry</strong></p><p>Cette caractéristique n'est pas automatisée. Vous pouvez ajouter votre modificateur dans le champ Bonus Situationnel du jet de dégâts.</p></section>"
		},
		"Unarmed Fighting": {
			"name": "Combat à Mains Nues",
			"description": "<p><em>(Prérequis : Style de Combat)</em></p><p>Lorsque vous touchez avec une Attaque à Mains Nues et infligez des dégâts, vous pouvez infliger des dégâts de Contusion égaux à 1d6 plus votre modificateur de Force au lieu des dégâts normaux d'une Attaque à Mains Nues. Si vous ne tenez ni arme ni Bouclier lors de l'attaque, le d6 devient un d8.</p><p>Au début de chacun de vos tours, vous pouvez infliger 1d4 dégâts de Contusion à une créature que vous avez &amp;Reference[Grappled].</p><section id=\"secret-Nv8dMOvrI9GVk4P5\" class=\"secret\"><p><strong>Note Foundry</strong></p><p>L'activité <strong>Attaque à Mains Nues (Arme en Main)</strong> peut être utilisée à la place de votre Attaque à Mains Nues normale.</p><p>L'activité <strong>Attaque à Mains Nues (Main Vide)</strong> inclut l'augmentation des dégâts.</p><p>L'activité <strong>Dégâts d'Empoignade</strong> inclut le jet de dégâts.</p></section>"
		},
		"War Caster": {
			"name": "Incantateur de Guerre",
			"description": "<p>Vous gagnez les avantages suivants.</p><p><strong>Augmentation de Caractéristique.</strong> Augmentez votre Intelligence, Sagesse ou Charisme de 1, jusqu'à un maximum de 20.</p><p><strong>Concentration.</strong> Vous avez l'Avantage sur les jets de sauvegarde de Constitution que vous effectuez pour maintenir la Concentration.</p><p><strong>Sort Réactif.</strong> Lorsqu'une créature provoque une Attaque d'Opportunité en quittant votre portée, vous pouvez utiliser une Réaction pour lancer un sort sur cette créature au lieu de faire une Attaque d'Opportunité. Le sort doit avoir un temps d'incantation d'une action et ne doit cibler que cette créature.</p><p><strong>Composantes Somatiques.</strong> Vous pouvez effectuer les composantes Somatiques des sorts même lorsque vous tenez des armes ou un Bouclier dans une ou les deux mains.</p><section class=\"secret\" id=\"secret-FMuCCeCIHDgMr82E\"><p><strong>Note Foundry</strong></p><p>Ce don n'automatise pas l'Avantage sur les tests de Concentration.</p></section>"
		},
		"Weapon Master": {
			"name": "Maître d'Armes",
			"description": "<p>Vous gagnez les avantages suivants.</p><p><strong>Augmentation de Caractéristique.</strong> Augmentez votre Force ou Dextérité de 1, jusqu'à un maximum de 20.</p><p><strong>Maîtrise d'Arme.</strong> Votre entraînement avec les armes vous permet d'utiliser la propriété de maîtrise d'un type d'arme Simple ou Martiale de votre choix, à condition que vous ayez la maîtrise de cette arme. À chaque repos Long, vous pouvez changer le type d'arme pour un autre type éligible.</p><section class=\"secret\" id=\"secret-pSA9c83D3LNb1BDD\"><p><strong>Note Foundry</strong></p><p>Pour changer vos maîtrises, activez le mode \"Édition\" de votre fiche. Dans l'onglet \"Détails\", cliquez sur l'icône d'engrenage à côté de \"Armes\" en bas à droite. Vous pouvez cocher la colonne de maîtrise de vos armes choisies.</p></section>"
		}
	}
}