{
  "label": "Roll Tables",
  "folders": { 
		"Chapter 2": "Chapitre 2",
		"Descriptions by Ability Score": "Descriptions par Score de Caractéristique",
		"Personality Traits by Alignment": "Traits de Personnalité par Alignement",
		"Chapter 3": "Chapitre 3",
		"Chapter 7": "Chapitre 7",
		"Reincarnated Lineages": "Lignées Réincarnées"
	},
  "entries": {
    "Cardinal Directions": {
      "name": "Directions Cardinales",
      "description": "",
      "results": {
        "1-1": "Nord",
        "2-2": "Est",
        "3-3": "Sud",
        "4-4": "Ouest"
      }
    },
    "Chaotic Traits": {
      "name": "Traits Chaotiques",
      "description": "",
      "results": {
        "1-1": "Vantard",
        "2-2": "Impulsif",
        "3-3": "Rebelle",
        "4-4": "Égocentrique"
      }
    },
    "Charisma": {
      "name": "Charisme",
      "description": "<p>Cette table fournit quatre descripteurs pouvant être utilisés pour votre personnage, selon que son score de caractéristique est <strong>élevé</strong> ou <strong>faible</strong>.</p>",
      "results": {
        "1-1": "<strong>Élevé :</strong> Charismatique. <strong>Faible :</strong> Pointilleux.",
        "2-2": "<strong>Élevé :</strong> Autoritaire. <strong>Faible :</strong> Sans humour.",
        "3-3": "<strong>Élevé :</strong> Hilarant. <strong>Faible :</strong> Réservé.",
        "4-4": "<strong>Élevé :</strong> Inspirant. <strong>Faible :</strong> Maladroit."
      }
    },
    "Confusion Behavior": {
      "name": "Comportement de Confusion",
      "description": "<p>Comportement pour le tour</p>",
      "results": {
        "1-1": "Directions Cardinales",
        "2-6": "La cible ne se déplace pas et ne prend pas d’actions.",
        "7-8": "La cible ne se déplace pas et effectue une action d’Attaque pour réaliser une attaque au corps à corps contre une créature aléatoire à portée. S’il n’y en a aucune à portée, la cible ne prend aucune action.",
        "9-10": "La cible choisit son comportement."
      }
    },
    "Constitution": {
      "name": "Constitution",
      "description": "<p>Cette table fournit quatre descripteurs pouvant être utilisés pour votre personnage, selon que son score de caractéristique est <strong>élevé</strong> ou <strong>faible</strong>.</p>",
      "results": {
        "1-1": "<strong>Élevé :</strong> Énergique. <strong>Faible :</strong> Frêle.",
        "2-2": "<strong>Élevé :</strong> Vigoureux. <strong>Faible :</strong> Délicat.",
        "3-3": "<strong>Élevé :</strong> Robuste. <strong>Faible :</strong> Léthargique.",
        "4-4": "<strong>Élevé :</strong> Stable. <strong>Faible :</strong> Fragile."
      }
    },
    "Dexterity": {
      "name": "Dextérité",
      "description": "<p>Cette table fournit quatre descripteurs pouvant être utilisés pour votre personnage, selon que son score de caractéristique est <strong>élevé</strong> ou <strong>faible</strong>.</p>",
      "results": {
        "1-1": "<strong>Élevé :</strong> Souple. <strong>Faible :</strong> Nerveux.",
        "2-2": "<strong>Élevé :</strong> Dynamique. <strong>Faible :</strong> Maladroit.",
        "3-3": "<strong>Élevé :</strong> Agité. <strong>Faible :</strong> Hésitant.",
        "4-4": "<strong>Élevé :</strong> Posé. <strong>Faible :</strong> Instable."
      }
    },
    "Elven Lineage": {
      "name": "Lignée Elfique",
      "description": "<p>Vous faites partie d’une lignée qui vous confère des capacités surnaturelles.</p>",
      "results": {
        "1-1": "Elfe, Drow",
        "2-2": "Elfe, Haut",
        "3-3": "Elfe, Sylvestre"
      }
    },
    "Evil Traits": {
      "name": "Traits Maléfiques",
      "description": "",
      "results": {
        "1-1": "Malhonnête",
        "2-2": "Vindicatif",
        "3-3": "Cruel",
        "4-4": "Cupide"
      }
    },
    "Feywild Gifts": {
      "name": "Dons du Feywild",
      "description": "",
      "results": {
        "1-1": "Des papillons illusoires voltigent autour de vous pendant que vous prenez un repos court ou long.",
        "2-2": "Des fleurs éclosent dans vos cheveux à chaque aube.",
        "3-3": "Vous dégagez une légère odeur de cannelle, de lavande, de muscade ou d'une autre herbe ou épice réconfortante.",
        "4-4": "Votre ombre danse quand personne ne la regarde directement.",
        "5-5": "Des cornes ou des bois poussent sur votre tête.",
        "6-6": "Votre peau et vos cheveux changent de couleur chaque aube."
      }
    },
    "Fiendish Legacy": {
      "name": "Héritage Diabolique",
      "description": "<p>Vous êtes le bénéficiaire d’un héritage qui vous confère des capacités surnaturelles.</p>",
      "results": {
        "1-1": "Tieffelin, Abyssal",
        "2-2": "Tieffelin, Chtonien",
        "3-3": "Tieffelin, Infernal"
      }
    },
    "Gnomish Lineage": {
      "name": "Lignée Gnomique",
      "description": "<p>Vous faites partie d’une lignée qui vous confère des capacités surnaturelles.</p>",
      "results": {
        "1-1": "Gnome, Forestier",
        "2-2": "Gnome, Des Roches"
      }
    },
    "Good Traits": {
      "name": "Traits Vertueux",
      "description": "",
      "results": {
        "1-1": "Compatissant",
        "2-2": "Serviable",
        "3-3": "Honnête",
        "4-4": "Aimable"
      }
    },
    "Intelligence": {
      "name": "Intelligence",
      "description": "<p>Cette table fournit quatre descripteurs pouvant être utilisés pour votre personnage, selon que son score de caractéristique est <strong>élevé</strong> ou <strong>faible</strong>.</p>",
      "results": {
        "1-1": "<strong>Élevé :</strong> Décisif. <strong>Faible :</strong> Maladroit.",
        "2-2": "<strong>Élevé :</strong> Logique. <strong>Faible :</strong> Illogique.",
        "3-3": "<strong>Élevé :</strong> Informé. <strong>Faible :</strong> Ignorant.",
        "4-4": "<strong>Élevé :</strong> Curieux. <strong>Faible :</strong> Frivole."
      }
    },
    "Lawful Traits": {
      "name": "Traits Légaux",
      "description": "",
      "results": {
        "1-1": "Coopératif",
        "2-2": "Loyal",
        "3-3": "Critique",
        "4-4": "Méthodique"
      }
    },
    "Manifestations of Order": {
      "name": "Manifestations de l’Ordre",
      "description": "",
      "results": {
        "1-1": "Des rouages spectraux flottent derrière vous.",
        "2-2": "Les aiguilles d'une horloge tournent dans vos yeux.",
        "3-3": "Votre peau brille d’un éclat cuivré.",
        "4-4": "Des équations flottantes et des objets géométriques recouvrent votre corps.",
        "5-5": "Votre Focalisateur Arcanique prend temporairement la forme d’un minuscule mécanisme d’horlogerie.",
        "6-6": "Le tic-tac des engrenages ou le son d’une horloge peut être entendu par vous et par ceux affectés par votre magie."
      }
    },
    "Neutral Traits": {
      "name": "Traits Neutres",
      "description": "",
      "results": {
        "1-1": "Égoïste",
        "2-2": "Désintéressé",
        "3-3": "Laconique",
        "4-4": "Pragmatique"
      }
    },
    "Prismatic Layers": {
      "name": "Couches Prismatiques",
      "description": "",
      "results": {
        "1-1": "<p><strong>Rouge.</strong><em> Échec au jet de sauvegarde :</em> <span><span class=\"roll-link\" data-type=\"damage\" data-formula=\"12d6\" data-damage-type=\"fire\"><a data-action=\"roll\"><i class=\"fa-solid fa-dice-d20\"></i>12d6</a></span> dégâts de feu</span>. <em>Jet réussi :</em> Moitié moins de dégâts. <em>Effets supplémentaires :</em> Les attaques à distance non magiques ne peuvent pas traverser cette couche, qui est détruite si elle subit au moins 25 points de dégâts de froid.</p>",
        "2-2": "<p><strong>Orange.</strong><em> Échec au jet de sauvegarde :</em> <span><span class=\"roll-link\" data-type=\"damage\" data-formula=\"12d6\" data-damage-type=\"acid\"><a data-action=\"roll\"><i class=\"fa-solid fa-dice-d20\"></i>12d6</a></span> dégâts d'acide</span>. <em>Jet réussi :</em> Moitié moins de dégâts. <em>Effets supplémentaires :</em> Les attaques à distance magiques ne peuvent pas traverser cette couche, qui est détruite par un vent fort (comme celui créé par le sort <em>Rafale de vent</em>).</p>",
        "3-3": "<p><strong>Jaune.</strong><em> Échec au jet de sauvegarde :</em> <span><span class=\"roll-link\" data-type=\"damage\" data-formula=\"12d6\" data-damage-type=\"lightning\"><a data-action=\"roll\"><i class=\"fa-solid fa-dice-d20\"></i>12d6</a></span> dégâts de foudre</span>. <em>Jet réussi :</em> Moitié moins de dégâts. <em>Effets supplémentaires :</em> La couche est détruite si elle subit au moins 60 points de dégâts de force.</p>",
        "4-4": "<p><strong>Vert.</strong><em> Échec au jet de sauvegarde :</em> <span><span class=\"roll-link\" data-type=\"damage\" data-formula=\"12d6\" data-damage-type=\"poison\"><a data-action=\"roll\"><i class=\"fa-solid fa-dice-d20\"></i>12d6</a></span> dégâts de poison</span>. <em>Jet réussi :</em> Moitié moins de dégâts. <em>Effets supplémentaires :</em> Un sort <em>Passe-muraille</em>, ou un autre sort de niveau équivalent ou supérieur pouvant ouvrir un portail sur une surface solide, détruit cette couche.</p>",
        "5-5": "<p><strong>Bleu.</strong><em> Échec au jet de sauvegarde :</em> <span><span class=\"roll-link\" data-type=\"damage\" data-formula=\"12d6\" data-damage-type=\"cold\"><a data-action=\"roll\"><i class=\"fa-solid fa-dice-d20\"></i>12d6</a></span> dégâts de froid</span>. <em>Jet réussi :</em> Moitié moins de dégâts. <em>Effets supplémentaires :</em> La couche est détruite si elle subit au moins 25 points de dégâts de feu.</p>",
        "6-6": "<p><strong>Indigo.</strong><em> Échec au jet de sauvegarde :</em> La cible est <span class=\"reference-link\"><a class=\"content-link\" draggable=\"true\" data-link data-uuid=\"Compendium.dnd5e.rules.JournalEntry.w7eitkpD7QQTB6j0.JournalEntryPage.cSVcyZyNe2iG1fIc\" data-id=\"cSVcyZyNe2iG1fIc\" data-type=\"JournalEntryPage\" data-pack=\"dnd5e.rules\" data-tooltip=\"Rule Page\"><i class=\"fas fa-book-open\"></i>Entravée</a></span> et effectue un jet de sauvegarde de <span class=\"roll-link\" data-type=\"save\" data-ability=\"con\"><a data-action=\"roll\"><i class=\"fa-solid fa-dice-d20\"></i>Constitution</a></span> à la fin de chacun de ses tours. Si elle réussit trois fois, la condition prend fin. Si elle échoue trois fois, elle devient <span class=\"reference-link\"><a class=\"content-link\" draggable=\"true\" data-link data-uuid=\"Compendium.dnd5e.rules.JournalEntry.w7eitkpD7QQTB6j0.JournalEntryPage.xaNDaW6NwQTgHSmi\" data-id=\"xaNDaW6NwQTgHSmi\" data-type=\"JournalEntryPage\" data-pack=\"dnd5e.rules\" data-tooltip=\"Rule Page\"><i class=\"fas fa-book-open\"></i>Pétrifiée</a></span> jusqu'à ce qu'elle soit libérée par un effet tel que le sort <em>Restauration suprême</em>. Les réussites et échecs ne sont pas obligatoirement consécutifs; gardez une trace jusqu'à ce que la cible obtienne trois réussites ou échecs.</p>",
        "7-7": "<p><strong>Violet.</strong><em> Échec au jet de sauvegarde :</em> La cible est <span class=\"reference-link\"><a class=\"content-link\" draggable=\"true\" data-link data-uuid=\"Compendium.dnd5e.rules.JournalEntry.w7eitkpD7QQTB6j0.JournalEntryPage.0b8N4FymGGfbZGpJ\" data-id=\"0b8N4FymGGfbZGpJ\" data-type=\"JournalEntryPage\" data-pack=\"dnd5e.rules\" data-tooltip=\"Rule Page\"><i class=\"fas fa-book-open\"></i>Aveuglée</a></span> et effectue un jet de sauvegarde de <span class=\"roll-link\" data-type=\"save\" data-ability=\"wis\"><a data-action=\"roll\"><i class=\"fa-solid fa-dice-d20\"></i>Sagesse</a></span> au début de votre prochain tour. Sur une réussite, la condition prend fin. Sur un échec, la condition prend fin et la créature est téléportée sur un autre plan d'existence (au choix du MJ). <em>Effets supplémentaires :</em> Cette couche est détruite par <em>Dissipation de la magie</em>.</p>"
      }
    },
    "Prismatic Rays": {
      "name": "Rayons Prismatiques",
      "description": "",
      "results": {
        "1-1": "<p><strong>Rouge.</strong><em> Échec au jet de sauvegarde :</em> <span><span class=\"roll-link\" data-type=\"damage\" data-formula=\"12d6\" data-damage-type=\"fire\"><a data-action=\"roll\"><i class=\"fa-solid fa-dice-d20\"></i>12d6</a></span> dégâts de feu</span>. <em>Jet réussi :</em> Moitié moins de dégâts.</p>",
        "2-2": "<p><strong>Orange.</strong><em> Échec au jet de sauvegarde :</em> <span><span class=\"roll-link\" data-type=\"damage\" data-formula=\"12d6\" data-damage-type=\"acid\"><a data-action=\"roll\"><i class=\"fa-solid fa-dice-d20\"></i>12d6</a></span> dégâts d'acide</span>. <em>Jet réussi :</em> Moitié moins de dégâts.</p>",
        "3-3": "<p><strong>Jaune.</strong><em> Échec au jet de sauvegarde :</em> <span><span class=\"roll-link\" data-type=\"damage\" data-formula=\"12d6\" data-damage-type=\"lightning\"><a data-action=\"roll\"><i class=\"fa-solid fa-dice-d20\"></i>12d6</a></span> dégâts de foudre</span>. <em>Jet réussi :</em> Moitié moins de dégâts.</p>",
        "4-4": "<p><strong>Vert.</strong><em> Échec au jet de sauvegarde :</em> <span><span class=\"roll-link\" data-type=\"damage\" data-formula=\"12d6\" data-damage-type=\"poison\"><a data-action=\"roll\"><i class=\"fa-solid fa-dice-d20\"></i>12d6</a></span> dégâts de poison</span>. <em>Jet réussi :</em> Moitié moins de dégâts.</p>",
        "5-5": "<p><strong>Bleu.</strong><em> Échec au jet de sauvegarde :</em> <span><span class=\"roll-link\" data-type=\"damage\" data-formula=\"12d6\" data-damage-type=\"cold\"><a data-action=\"roll\"><i class=\"fa-solid fa-dice-d20\"></i>12d6</a></span> dégâts de froid</span>. <em>Jet réussi :</em> Moitié moins de dégâts.</p>",
        "6-6": "<p><strong>Indigo.</strong><em> Échec au jet de sauvegarde :</em> La cible est <span class=\"reference-link\"><a class=\"content-link\" draggable=\"true\" data-link data-uuid=\"Compendium.dnd5e.rules.JournalEntry.w7eitkpD7QQTB6j0.JournalEntryPage.cSVcyZyNe2iG1fIc\" data-id=\"cSVcyZyNe2iG1fIc\" data-type=\"JournalEntryPage\" data-pack=\"dnd5e.rules\" data-tooltip=\"Rule Page\"><i class=\"fas fa-book-open\"></i>Entravée</a></span> et effectue un jet de sauvegarde de <span class=\"roll-link\" data-type=\"save\" data-ability=\"con\"><a data-action=\"roll\"><i class=\"fa-solid fa-dice-d20\"></i>Constitution</a></span> à la fin de chacun de ses tours. Si elle réussit trois fois, la condition prend fin. Si elle échoue trois fois, elle devient <span class=\"reference-link\"><a class=\"content-link\" draggable=\"true\" data-link data-uuid=\"Compendium.dnd5e.rules.JournalEntry.w7eitkpD7QQTB6j0.JournalEntryPage.xaNDaW6NwQTgHSmi\" data-id=\"xaNDaW6NwQTgHSmi\" data-type=\"JournalEntryPage\" data-pack=\"dnd5e.rules\" data-tooltip=\"Rule Page\"><i class=\"fas fa-book-open\"></i>Pétrifiée</a></span> jusqu'à ce qu'elle soit libérée par un effet tel que le sort <em>Restauration suprême</em>. Les réussites et échecs ne sont pas obligatoirement consécutifs; gardez une trace jusqu'à ce que la cible obtienne trois réussites ou échecs.</p>",
        "7-7": "<p><strong>Violet.</strong><em> Échec au jet de sauvegarde :</em> La cible est <span class=\"reference-link\"><a class=\"content-link\" draggable=\"true\" data-link data-uuid=\"Compendium.dnd5e.rules.JournalEntry.w7eitkpD7QQTB6j0.JournalEntryPage.0b8N4FymGGfbZGpJ\" data-id=\"0b8N4FymGGfbZGpJ\" data-type=\"JournalEntryPage\" data-pack=\"dnd5e.rules\" data-tooltip=\"Rule Page\"><i class=\"fas fa-book-open\"></i>Aveuglée</a></span> et effectue un jet de sauvegarde de <span class=\"roll-link\" data-type=\"save\" data-ability=\"wis\"><a data-action=\"roll\"><i class=\"fa-solid fa-dice-d20\"></i>Sagesse</a></span> au début de votre prochain tour. Sur une réussite, la condition prend fin. Sur un échec, la condition prend fin et la créature est téléportée sur un autre plan d'existence (au choix du MJ).</p>"
      }
    },
    "Reincarnated Species": {
      "name": "Espèces Réincarnées",
      "description": "<p>Lancez [[/r 1d10]] et consultez la table ci-dessous pour déterminer l'espèce du corps, ou le MJ choisit une autre espèce jouable.</p>",
      "results": {
        "1-1": "Aasimar",
        "2-2": "Drakéide",
        "3-3": "Nain",
        "6-6": "Goliath",
        "7-7": "Halfelin",
        "8-8": "Humain",
        "9-9": "Orc",
        "4-4": "Lignée Elfique",
        "10-10": "Héritage Infernal",
        "5-5": "Lignée Gnome"
      }
    },
    "Standard Languages": {
      "name": "Langues Standard",
      "description": "",
      "results": {
        "1-1": "Table des Sous-Langues"
      }
    },
    "Star Map Forms": {
      "name": "Formes de Carte Stellaire",
      "description": "",
      "results": {
        "1-1": "Un @UUID[Compendium.dnd-players-handbook.equipment.Item.phbStarMapScroll]{parchemin} portant des représentations de constellations",
        "2-2": "Une @UUID[Compendium.dnd-players-handbook.equipment.Item.phbStarMapStoneT]{tablette en pierre} percée de trous fins",
        "3-3": "Une @UUID[Compendium.dnd-players-handbook.equipment.Item.phbStarMapOwlbea]{peau de hibours} gravée de symboles stellaires",
        "4-4": "Une @UUID[Compendium.dnd-players-handbook.equipment.Item.phbStarMapBoundI]{collection de cartes} reliée dans une couverture d’ébène",
        "5-5": "Un @UUID[Compendium.dnd-players-handbook.equipment.Item.phbStarMapCrysta]{cristal} gravé de motifs étoilés",
        "6-6": "Un @UUID[Compendium.dnd-players-handbook.equipment.Item.phbStarMapGlassD]{disque en verre} gravé de constellations"
      }
    },
    "Strength": {
      "name": "Force",
      "description": "<p>Cette table fournit quatre descripteurs que vous pouvez utiliser pour votre personnage selon que leur score de caractéristique est <strong>élevé</strong> ou <strong>faible</strong>.</p>",
      "results": {
        "1-1": "<strong>Élevé :</strong> Musclé. <strong>Faible :</strong> Faible.",
        "2-2": "<strong>Élevé :</strong> Sec. <strong>Faible :</strong> Frêle.",
        "3-3": "<strong>Élevé :</strong> Protecteur. <strong>Faible :</strong> Complexé.",
        "4-4": "<strong>Élevé :</strong> Direct. <strong>Faible :</strong> Indirect."
      }
    },
    "Sub-Languages Table": {
      "name": "Table des Sous-Langues",
      "description": "",
      "results": {
        "1-1": "<strong>Langue :</strong> Langue des Signes Commune. <strong>Origine :</strong> Sigil.",
        "2-2": "<strong>Langue :</strong> Draconique. <strong>Origine :</strong> Dragons.",
        "3-4": "<strong>Langue :</strong> Nain. <strong>Origine :</strong> Nains.",
        "5-6": "<strong>Langue :</strong> Elfique. <strong>Origine :</strong> Elfes.",
        "7-7": "<strong>Langue :</strong> Géant. <strong>Origine :</strong> Géants.",
        "8-8": "<strong>Langue :</strong> Gnome. <strong>Origine :</strong> Gnomes.",
        "9-9": "<strong>Langue :</strong> Gobelin. <strong>Origine :</strong> Gobelinoïdes.",
        "10-11": "<strong>Langue :</strong> Halfelin. <strong>Origine :</strong> Halfelins.",
        "12-12": "<strong>Langue :</strong> Orc. <strong>Origine :</strong> Orcs."
      }
    },
    "Teleport Mishap": {
      "name": "Incident de Téléportation",
      "description": "<p><strong>Dégâts de l'incident :</strong> [[/damage 3d10 type=force]]</p><p><strong>Distance hors cible :</strong> [[/r 2d12#Miles]]{2d12 miles} [[/r 1d8#Direction]]{Direction}</p>",
      "results": {
        "1-100": "<strong>Objet lié :</strong> Sur la cible",
        "1-5": "<strong>Très familier :</strong> Incident",
        "6-13": "<strong>Très familier :</strong> Zone similaire",
        "14-24": "<strong>Très familier :</strong> Hors cible",
        "25-100": "<strong>Très familier :</strong> Sur la cible",
        "1-33": "<strong>Vu occasionnellement :</strong> Incident",
        "34-43": "<strong>Vu occasionnellement :</strong> Zone similaire",
        "44-53": "<strong>Observé ou décrit :</strong> Zone similaire",
        "54-73": "<strong>Observé ou décrit :</strong> Hors cible",
        "1-43": "<strong>Observé ou décrit :</strong> Incident",
        "74-100": "<strong>Observé ou décrit :</strong> Sur la cible",
        "1-50": "<strong>Destination erronée :</strong> Incident",
        "51-100": "<strong>Destination erronée :</strong> Zone similaire"
      }
    },
    "Trinkets": {
      "name": "Babiole",
      "description": "",
      "results": {
        "1-1": "Une main de gobelin momifiée",
        "2-2": "Un cristal qui luit faiblement sous le clair de lune",
        "3-3": "Une pièce d’or frappée dans une terre inconnue",
        "4-4": "Un journal écrit dans une langue que vous ne comprenez pas",
        "5-5": "Une bague en laiton qui ne ternit jamais",
        "6-6": "Un vieux pion d’échecs fait de verre",
        "7-7": "Une paire de dés faits d’os, chacun ayant un symbole de crâne à la place des six points",
        "8-8": "Une petite idole représentant une créature cauchemardesque qui provoque des rêves perturbants lorsque vous dormez près d’elle",
        "9-9": "Une mèche de cheveux de quelqu’un",
        "10-10": "L’acte de propriété d’un terrain dans un royaume qui vous est inconnu",
        "11-11": "Un bloc d’une once fait d’un matériau inconnu",
        "12-12": "Une petite poupée en tissu transpercée par des aiguilles",
        "13-13": "Une dent provenant d’une bête inconnue",
        "14-14": "Une écaille énorme, peut-être d’un dragon",
        "15-15": "Une plume d’un vert éclatant",
        "16-16": "Une vieille carte de divination portant votre ressemblance",
        "17-17": "Une sphère de verre remplie de fumée mouvante",
        "18-18": "Un œuf d’une livre avec une coquille rouge vif",
        "19-19": "Une pipe qui souffle des bulles",
        "20-20": "Un bocal en verre contenant un morceau de chair flottant dans un liquide de conservation",
        "21-21": "Une boîte à musique fabriquée par un gnome, jouant une mélodie vaguement familière de votre enfance",
        "22-22": "Une statuette en bois représentant un halfelin suffisant",
        "23-23": "Un orbe en laiton gravé de runes étranges",
        "24-24": "Un disque en pierre multicolore",
        "25-25": "Un symbole en argent représentant un corbeau",
        "26-26": "Un sac contenant quarante-sept dents, dont l’une est cariée",
        "27-27": "Un éclat d’obsidienne toujours chaud au toucher",
        "28-28": "Une griffe de dragon suspendue à un collier en cuir",
        "29-29": "Une paire de vieilles chaussettes",
        "30-30": "Un livre vierge dont les pages refusent de retenir l’encre, la craie, le graphite ou tout autre marquage",
        "31-31": "Un insigne en argent en forme d’étoile à cinq branches",
        "32-32": "Un couteau ayant appartenu à un membre de votre famille",
        "33-33": "Une fiole en verre remplie de coupures d’ongles",
        "34-34": "Un dispositif rectangulaire en métal avec deux petites coupelles en métal à une extrémité qui lancent des étincelles lorsqu’il est mouillé",
        "35-35": "Un gant blanc, couvert de paillettes, de taille humaine",
        "36-36": "Un gilet avec cent petites poches",
        "37-37": "Une pierre sans poids",
        "38-38": "Un croquis d’un gobelin",
        "39-39": "Une fiole en verre vide qui sent le parfum",
        "40-40": "Une gemme ressemblant à un morceau de charbon lorsqu’examinée par quelqu’un d’autre que vous",
        "41-41": "Un morceau de tissu provenant d’un vieux drapeau",
        "42-42": "Un insigne de grade d’un légionnaire perdu",
        "43-43": "Une cloche en argent sans battant",
        "44-44": "Un canari mécanique à l’intérieur d’une lampe",
        "45-45": "Un coffre miniature sculpté pour ressembler à un objet doté de multiples pieds sur sa base",
        "46-46": "Une fée morte à l’intérieur d’une bouteille de verre transparent",
        "47-47": "Une boîte métallique sans ouverture mais qui semble contenir un liquide, du sable, des araignées ou du verre brisé (au choix)",
        "48-48": "Une sphère en verre remplie d’eau, où nage un poisson mécanique",
        "49-49": "Une cuillère en argent avec un M gravé sur le manche",
        "50-50": "Un sifflet fait de bois doré",
        "51-51": "Un scarabée mort de la taille de votre main",
        "52-52": "Deux soldats miniatures, dont l’un sans tête",
        "53-53": "Une petite boîte remplie de boutons de tailles différentes",
        "54-54": "Une bougie qui ne peut pas être allumée",
        "55-55": "Une cage miniature sans porte",
        "56-56": "Une vieille clé",
        "57-57": "Une carte au trésor indéchiffrable",
        "58-58": "Une poignée d’épée brisée",
        "59-59": "Un pied de lapin",
        "60-60": "Un œil en verre",
        "61-61": "Un camée représentant une personne hideuse",
        "62-62": "Un crâne en argent de la taille d’une pièce",
        "63-63": "Un masque en albâtre",
        "64-64": "Un cône d’encens noir collant et puant",
        "65-65": "Un bonnet de nuit qui donne des rêves agréables lorsqu’on le porte",
        "66-66": "Un seul chausse-trape fait d’os",
        "67-67": "Une monture de monocle en or, sans lentille",
        "68-68": "Un cube d’un pouce, chaque face d’une couleur différente",
        "69-69": "Un bouton de porte en cristal",
        "70-70": "Un sachet rempli de poussière rose",
        "71-71": "Un fragment d’une belle chanson, notée sur deux parchemins",
        "72-72": "Une boucle d’oreille en forme de larme d’argent contenant une vraie larme",
        "73-73": "Une coquille d’œuf peinte avec des scènes de misère en détail troublant",
        "74-74": "Un éventail qui, une fois déplié, montre un chat endormi",
        "75-75": "Un ensemble de flûtes d’os",
        "76-76": "Un trèfle à quatre feuilles pressé dans un livre sur les bonnes manières",
        "77-77": "Un parchemin sur lequel est dessiné un mécanisme complexe",
        "78-78": "Un fourreau orné qui ne s’adapte à aucune lame trouvée",
        "79-79": "Une invitation à une fête où un meurtre a eu lieu",
        "80-80": "Un pentacle en bronze gravé d’une tête de rat au centre",
        "81-81": "Un mouchoir violet brodé au nom d’un archimage",
        "82-82": "La moitié d’un plan d’étage pour un temple, un château ou une autre structure",
        "83-83": "Un morceau de tissu plié qui, une fois déplié, devient une casquette élégante",
        "84-84": "Un reçu de dépôt d’une banque située dans une ville lointaine",
        "85-85": "Un journal avec sept pages manquantes",
        "86-86": "Une tabatière en argent vide portant l’inscription « rêves » sur son couvercle",
        "87-87": "Un symbole religieux en fer dédié à un dieu inconnu",
        "88-88": "Un livre sur la montée et la chute d’un héros légendaire, avec le dernier chapitre manquant",
        "89-89": "Une fiole de sang de dragon",
        "90-90": "Une flèche ancienne d’origine elfique",
        "91-91": "Une aiguille qui ne se tord jamais",
        "92-92": "Une broche ornée de conception naine",
        "93-93": "Une bouteille de vin vide avec une étiquette indiquant « Le Vignoble des Ensorceleurs, Écrasement du Dragon Rouge, 331422-W »",
        "94-94": "Une tuile de mosaïque avec une surface émaillée multicolore",
        "95-95": "Une souris pétrifiée",
        "96-96": "Un drapeau de pirate noir orné d’un crâne de dragon et d’os croisés",
        "97-97": "Un petit crabe ou araignée mécanique qui se déplace lorsqu’il n’est pas observé",
        "98-98": "Un bocal en verre contenant du saindoux avec une étiquette indiquant « Graisse de Griffon »",
        "99-99": "Une boîte en bois avec un fond en céramique contenant un ver vivant avec une tête à chaque extrémité",
        "100-100": "Une urne métallique contenant les cendres d’un héros"
      }
    },
    "Wild Magic Surge": {
      "name": "Jaillissement de Magie Sauvage",
      "description": "",
      "results": {
        "1-4": "Lancez sur cette table au début de chacun de vos tours pendant la prochaine minute, en ignorant ce résultat lors des lancers suivants.",
        "5-8": "Une créature Amicale à votre égard apparaît dans un espace inoccupé aléatoire situé dans un rayon de 18 mètres autour de vous. La créature est contrôlée par le MD et disparaît au bout d’une minute. Lancez [[/r 1d4]] pour déterminer la créature : sur un 1, un Duodrone Modron apparaît ; sur un 2, un Flumph apparaît ; sur un 3, un Monodrone Modron apparaît ; sur un 4, une Licorne apparaît. Consultez le Manuel des Monstres pour les statistiques de la créature.",
        "9-12": "Pendant la prochaine minute, vous regagnez 5 Points de Vie au début de chacun de vos tours.",
        "13-16": "Les créatures ont Désavantage aux jets de sauvegarde contre le prochain sort que vous lancez dans la minute qui suit si ce sort implique un jet de sauvegarde.",
        "17-20": "Vous êtes soumis à un effet qui dure une minute sauf indication contraire. Lancez [[/r 1d8]] pour déterminer l’effet : sur un 1, vous êtes entouré d’une musique éthérée et légère que seuls vous et les créatures dans un rayon de 1,5 mètre pouvez entendre ; sur un 2, votre taille augmente d’une catégorie ; sur un 3, une longue barbe faite de plumes pousse sur votre visage et reste jusqu’à ce que vous éternuez, moment où les plumes explosent et disparaissent ; sur un 4, vous devez crier quand vous parlez ; sur un 5, des papillons illusoires flottent dans l’air dans un rayon de 3 mètres autour de vous ; sur un 6, un œil apparaît sur votre front, vous donnant l’Avantage aux tests de Sagesse (Perception) ; sur un 7, des bulles roses sortent de votre bouche chaque fois que vous parlez ; sur un 8, votre peau prend une teinte bleu vif pendant 24 heures ou jusqu’à ce que l’effet soit annulé par un sort de *Lever une Malédiction*.",
        "21-24": "Pendant la prochaine minute, tous vos sorts ayant un temps d’incantation d’une action ont un temps d’incantation d’une Action Bonus.",
        "25-28": "Vous êtes transporté sur le Plan Astral jusqu’à la fin de votre prochain tour. Vous revenez ensuite à l’endroit que vous occupiez précédemment ou dans l’espace inoccupé le plus proche si cet espace est occupé.",
        "29-32": "La prochaine fois que vous lancez un sort qui inflige des dégâts dans la minute qui suit, ne lancez pas les dés de dégâts. Utilisez à la place le maximum possible pour chaque dé de dégâts.",
        "33-36": "Vous bénéficiez de Résistance à tous les types de dégâts pendant la prochaine minute.",
        "37-40": "Vous vous transformez en plante en pot jusqu'au début de votre prochain tour. Tant que vous êtes une plante, vous avez la condition Incapacitated et une Vulnérabilité à tous les types de dégâts. Si vous tombez à 0 Points de Vie, votre pot se casse et vous reprenez votre forme.",
        "41-44": "Pendant la prochaine minute, vous regagnez [[/healing 5 type=healing]]{5 Points de Vie} au début de chacun de vos tours.",
        "45-48": "Vous et jusqu’à trois créatures de votre choix situées dans un rayon de 9 mètres autour de vous gagnez la condition Invisible pendant une minute. Cette invisibilité prend fin immédiatement pour une créature dès qu’elle fait un jet d’attaque, inflige des dégâts ou lance un sort.",
        "49-52": "Un bouclier spectral flotte près de vous pendant la prochaine minute, vous accordant un bonus de +2 à la CA et l’immunité au sort *Projectiles Magiques*.",
        "53-56": "Vous pouvez effectuer une action supplémentaire pendant ce tour.",
        "57-60": "Vous lancez un sort aléatoire. Si ce sort nécessite normalement de la Concentration, il n’en nécessite pas dans ce cas ; le sort dure pour toute sa durée. Lancez [[/r 1d10]] pour déterminer le sort : sur un 1, *Confusion* ; sur un 2, *Boule de Feu* ; sur un 3, *Nuage de Brouillard* ; sur un 4, *Vol* (lancé sur une créature aléatoire dans un rayon de 18 mètres autour de vous) ; sur un 5, *Graisse* ; sur un 6, *Lévitation* (lancé sur vous-même) ; sur un 7, *Projectiles Magiques* (lancé au niveau 5) ; sur un 8, *Image Miroir* ; sur un 9, *Polymorphie* (lancé sur vous-même, et si vous échouez au jet de sauvegarde, vous vous transformez en Chèvre) ; sur un 10, *Voir l’Invisible*.",
        "61-64": "Pendant la prochaine minute, tout objet inflammable et non-magique que vous touchez et qui n’est pas porté ou tenu par une autre créature s’enflamme, subit 1d4 dégâts de Feu et brûle.",
        "65-68": "Si vous mourrez dans l’heure qui suit, vous êtes immédiatement réincarné comme avec le sort *Réincarnation*.",
        "69-72": "Vous gagnez la condition &amp;Reference[frightened] jusqu’à la fin de votre prochain tour. Le MD détermine la source de votre peur.",
        "73-76": "Vous vous téléportez jusqu’à 18 mètres dans un espace inoccupé que vous pouvez voir.",
        "77-80": "Une créature aléatoire dans un rayon de 18 mètres autour de vous gagne la condition Empoisonné pendant [[/r 1d4]] heures.",
        "81-84": "Vous rayonnez une Lumière Vive dans un rayon de 9 mètres pendant la prochaine minute. Toute créature terminant son tour à moins de 1,5 mètre de vous gagne la condition Aveuglé jusqu’à la fin de son prochain tour.",
        "85-88": "Jusqu’à trois créatures de votre choix que vous pouvez voir dans un rayon de 9 mètres subissent [[/damage 1d10 type=necrotic]] dégâts Nécrotiques. Vous regagnez un nombre de Points de Vie égal à la somme des dégâts Nécrotiques infligés.",
        "89-92": "Jusqu’à trois créatures de votre choix que vous pouvez voir dans un rayon de 9 mètres subissent [[/damage 4d10 type=lightning]] dégâts de Foudre.",
        "93-96": "Vous et toutes les créatures situées dans un rayon de 9 mètres autour de vous avez la Vulnérabilité aux dégâts Perforants pendant la prochaine minute.",
        "97-100": "Lancez [[/r 1d6]] : sur un 1, vous regagnez [[/healing 2d10]]{2d10} Points de Vie ; sur un 2, un allié de votre choix situé dans un rayon de 90 mètres regagne [[/healing 2d10]]{2d10} Points de Vie ; sur un 3, vous regagnez votre emplacement de sort dépensé de plus bas niveau ; sur un 4, un allié de votre choix situé dans un rayon de 90 mètres regagne son emplacement de sort dépensé de plus bas niveau ; sur un 5, vous regagnez tous vos Points de Sorcellerie dépensés ; sur un 6, tous les effets de la ligne 17–20 vous affectent simultanément."
      }
    },
    "Wisdom": {
      "name": "Sagesse",
      "description": "<p>Cette table fournit quatre descripteurs pour votre personnage, en fonction de si son score de caractéristique est <strong>élevé</strong> ou <strong>faible</strong>.</p>",
      "results": {
        "1-1": "<strong>Élevé :</strong> Serein. <strong>Faible :</strong> Impulsif.",
        "2-2": "<strong>Élevé :</strong> Réfléchi. <strong>Faible :</strong> Distrait.",
        "3-3": "<strong>Élevé :</strong> Attentif. <strong>Faible :</strong> Étourdi.",
        "4-4": "<strong>Élevé :</strong> Prudent. <strong>Faible :</strong> Naïf."
      }
    }
  }
}